0,0,255
0,1,255
0,2,254
0,3,252
0,4,250
0,5,248
0,6,245
0,7,243
0,8,240
0,9,238
0,10,235
0,11,232
0,12,229
0,13,226
0,14,224
0,15,221
0,16,218
0,17,216
0,18,213
0,19,211
0,20,208
0,21,205
0,22,202
0,23,200
0,24,197
0,25,195
0,26,194
0,27,192
0,28,191
0,29,189
0,30,187
0,31,185
0,32,184
0,33,182
0,34,180
0,35,179
0,36,178
0,37,177
0,38,175
0,39,174
0,40,172
0,41,171
0,42,170
0,43,169
0,44,168
0,45,168
0,46,168
0,47,168
0,48,169
0,49,169
0,50,170
0,51,170
0,52,170
0,53,170
0,54,170
0,55,170
0,56,169
0,57,169
0,58,168
0,59,168
0,60,167
0,61,167
0,62,167
0,63,168
0,64,168
0,65,169
0,66,169
0,67,169
0,68,169
0,69,169
0,70,169
0,71,168
0,72,168
0,73,167
0,74,167
0,75,166
0,76,166
0,77,166
0,78,167
0,79,168
0,80,168
0,81,169
0,82,170
0,83,171
0,84,172
0,85,173
0,86,174
0,87,175
0,88,176
0,89,177
0,90,177
0,91,178
0,92,178
0,93,178
0,94,178
0,95,177
0,96,177
0,97,177
0,98,177
0,99,176
1,0,255
1,1,255
1,2,253
1,3,252
1,4,250
1,5,247
1,6,245
1,7,242
1,8,240
1,9,237
1,10,235
1,11,232
1,12,229
1,13,226
1,14,223
1,15,221
1,16,218
1,17,215
1,18,213
1,19,210
1,20,208
1,21,205
1,22,202
1,23,200
1,24,197
1,25,195
1,26,194
1,27,192
1,28,191
1,29,189
1,30,187
1,31,185
1,32,183
1,33,182
1,34,180
1,35,179
1,36,178
1,37,177
1,38,175
1,39,174
1,40,172
1,41,171
1,42,170
1,43,169
1,44,168
1,45,168
1,46,168
1,47,168
1,48,169
1,49,169
1,50,170
1,51,170
1,52,170
1,53,170
1,54,170
1,55,169
1,56,169
1,57,169
1,58,168
1,59,168
1,60,167
1,61,167
1,62,167
1,63,168
1,64,168
1,65,169
1,66,169
1,67,169
1,68,169
1,69,169
1,70,169
1,71,168
1,72,168
1,73,167
1,74,167
1,75,166
1,76,166
1,77,166
1,78,167
1,79,167
1,80,168
1,81,169
1,82,170
1,83,171
1,84,172
1,85,173
1,86,174
1,87,175
1,88,176
1,89,177
1,90,177
1,91,178
1,92,178
1,93,178
1,94,178
1,95,177
1,96,177
1,97,177
1,98,176
1,99,176
2,0,254
2,1,253
2,2,252
2,3,250
2,4,248
2,5,246
2,6,244
2,7,241
2,8,239
2,9,236
2,10,233
2,11,231
2,12,228
2,13,225
2,14,223
2,15,220
2,16,217
2,17,215
2,18,212
2,19,209
2,20,207
2,21,204
2,22,202
2,23,199
2,24,197
2,25,195
2,26,194
2,27,192
2,28,190
2,29,189
2,30,187
2,31,185
2,32,183
2,33,181
2,34,180
2,35,178
2,36,177
2,37,176
2,38,175
2,39,173
2,40,172
2,41,171
2,42,170
2,43,169
2,44,168
2,45,168
2,46,168
2,47,168
2,48,168
2,49,169
2,50,169
2,51,169
2,52,169
2,53,169
2,54,169
2,55,169
2,56,169
2,57,168
2,58,168
2,59,167
2,60,167
2,61,167
2,62,167
2,63,167
2,64,168
2,65,169
2,66,169
2,67,169
2,68,169
2,69,169
2,70,168
2,71,168
2,72,168
2,73,167
2,74,167
2,75,166
2,76,166
2,77,166
2,78,167
2,79,167
2,80,168
2,81,168
2,82,169
2,83,170
2,84,171
2,85,173
2,86,174
2,87,175
2,88,176
2,89,177
2,90,177
2,91,178
2,92,178
2,93,178
2,94,178
2,95,177
2,96,177
2,97,176
2,98,176
2,99,176
3,0,251
3,1,251
3,2,250
3,3,249
3,4,247
3,5,245
3,6,242
3,7,240
3,8,237
3,9,234
3,10,232
3,11,229
3,12,226
3,13,224
3,14,221
3,15,218
3,16,216
3,17,213
3,18,210
3,19,208
3,20,205
3,21,203
3,22,201
3,23,199
3,24,197
3,25,195
3,26,193
3,27,191
3,28,189
3,29,188
3,30,186
3,31,184
3,32,182
3,33,180
3,34,179
3,35,178
3,36,176
3,37,175
3,38,174
3,39,173
3,40,172
3,41,171
3,42,170
3,43,169
3,44,168
3,45,168
3,46,167
3,47,167
3,48,167
3,49,168
3,50,168
3,51,168
3,52,168
3,53,168
3,54,168
3,55,168
3,56,168
3,57,168
3,58,167
3,59,167
3,60,166
3,61,166
3,62,167
3,63,167
3,64,168
3,65,169
3,66,169
3,67,169
3,68,169
3,69,169
3,70,168
3,71,168
3,72,167
3,73,167
3,74,167
3,75,166
3,76,166
3,77,166
3,78,166
3,79,167
3,80,167
3,81,168
3,82,169
3,83,170
3,84,171
3,85,172
3,86,173
3,87,174
3,88,175
3,89,176
3,90,177
3,91,177
3,92,178
3,93,177
3,94,177
3,95,176
3,96,176
3,97,176
3,98,176
3,99,175
4,0,249
4,1,249
4,2,248
4,3,246
4,4,245
4,5,243
4,6,240
4,7,238
4,8,235
4,9,232
4,10,230
4,11,227
4,12,225
4,13,222
4,14,219
4,15,217
4,16,214
4,17,211
4,18,208
4,19,206
4,20,204
4,21,202
4,22,200
4,23,198
4,24,196
4,25,194
4,26,192
4,27,190
4,28,188
4,29,186
4,30,185
4,31,183
4,32,181
4,33,179
4,34,178
4,35,176
4,36,175
4,37,174
4,38,173
4,39,172
4,40,171
4,41,170
4,42,170
4,43,169
4,44,168
4,45,167
4,46,167
4,47,167
4,48,167
4,49,167
4,50,167
4,51,167
4,52,167
4,53,167
4,54,167
4,55,167
4,56,167
4,57,167
4,58,167
4,59,166
4,60,166
4,61,166
4,62,166
4,63,166
4,64,167
4,65,168
4,66,169
4,67,169
4,68,169
4,69,168
4,70,168
4,71,167
4,72,167
4,73,167
4,74,167
4,75,166
4,76,166
4,77,166
4,78,167
4,79,167
4,80,167
4,81,167
4,82,168
4,83,169
4,84,170
4,85,172
4,86,173
4,87,174
4,88,175
4,89,176
4,90,176
4,91,177
4,92,177
4,93,177
4,94,176
4,95,176
4,96,175
4,97,175
4,98,175
4,99,174
5,0,246
5,1,246
5,2,245
5,3,244
5,4,242
5,5,240
5,6,238
5,7,235
5,8,233
5,9,230
5,10,228
5,11,225
5,12,223
5,13,220
5,14,217
5,15,215
5,16,212
5,17,209
5,18,206
5,19,204
5,20,202
5,21,200
5,22,198
5,23,196
5,24,194
5,25,192
5,26,190
5,27,189
5,28,187
5,29,185
5,30,183
5,31,181
5,32,179
5,33,177
5,34,176
5,35,175
5,36,174
5,37,173
5,38,172
5,39,171
5,40,171
5,41,170
5,42,169
5,43,169
5,44,168
5,45,167
5,46,166
5,47,166
5,48,166
5,49,166
5,50,166
5,51,166
5,52,166
5,53,166
5,54,166
5,55,166
5,56,166
5,57,166
5,58,166
5,59,165
5,60,165
5,61,165
5,62,165
5,63,166
5,64,166
5,65,167
5,66,168
5,67,168
5,68,168
5,69,168
5,70,167
5,71,167
5,72,167
5,73,167
5,74,167
5,75,166
5,76,166
5,77,167
5,78,167
5,79,167
5,80,167
5,81,167
5,82,168
5,83,169
5,84,170
5,85,171
5,86,172
5,87,173
5,88,174
5,89,175
5,90,175
5,91,176
5,92,176
5,93,176
5,94,175
5,95,175
5,96,174
5,97,174
5,98,174
5,99,174
6,0,243
6,1,243
6,2,242
6,3,241
6,4,239
6,5,238
6,6,235
6,7,233
6,8,230
6,9,228
6,10,225
6,11,223
6,12,220
6,13,218
6,14,215
6,15,212
6,16,209
6,17,207
6,18,204
6,19,202
6,20,200
6,21,198
6,22,196
6,23,194
6,24,193
6,25,191
6,26,189
6,27,187
6,28,185
6,29,183
6,30,181
6,31,179
6,32,177
6,33,175
6,34,174
6,35,173
6,36,172
6,37,171
6,38,170
6,39,170
6,40,169
6,41,169
6,42,168
6,43,168
6,44,167
6,45,166
6,46,166
6,47,166
6,48,165
6,49,165
6,50,165
6,51,165
6,52,165
6,53,165
6,54,165
6,55,165
6,56,165
6,57,165
6,58,164
6,59,164
6,60,164
6,61,164
6,62,164
6,63,164
6,64,165
6,65,166
6,66,166
6,67,166
6,68,167
6,69,167
6,70,167
6,71,167
6,72,167
6,73,167
6,74,167
6,75,167
6,76,167
6,77,167
6,78,167
6,79,167
6,80,167
6,81,167
6,82,168
6,83,168
6,84,169
6,85,170
6,86,171
6,87,172
6,88,173
6,89,174
6,90,174
6,91,175
6,92,175
6,93,175
6,94,174
6,95,174
6,96,173
6,97,173
6,98,173
6,99,173
7,0,240
7,1,240
7,2,239
7,3,238
7,4,237
7,5,235
7,6,233
7,7,231
7,8,228
7,9,225
7,10,223
7,11,220
7,12,218
7,13,215
7,14,212
7,15,210
7,16,207
7,17,204
7,18,202
7,19,200
7,20,198
7,21,196
7,22,194
7,23,192
7,24,190
7,25,188
7,26,186
7,27,184
7,28,182
7,29,180
7,30,178
7,31,177
7,32,175
7,33,173
7,34,172
7,35,170
7,36,170
7,37,169
7,38,169
7,39,168
7,40,168
7,41,168
7,42,167
7,43,166
7,44,166
7,45,165
7,46,165
7,47,165
7,48,165
7,49,164
7,50,164
7,51,164
7,52,164
7,53,164
7,54,164
7,55,163
7,56,163
7,57,163
7,58,162
7,59,162
7,60,162
7,61,162
7,62,163
7,63,163
7,64,163
7,65,164
7,66,164
7,67,165
7,68,165
7,69,165
7,70,166
7,71,166
7,72,166
7,73,166
7,74,167
7,75,167
7,76,167
7,77,167
7,78,167
7,79,168
7,80,168
7,81,168
7,82,168
7,83,168
7,84,169
7,85,170
7,86,170
7,87,171
7,88,172
7,89,173
7,90,174
7,91,174
7,92,174
7,93,174
7,94,173
7,95,173
7,96,172
7,97,172
7,98,172
7,99,172
8,0,237
8,1,237
8,2,236
8,3,235
8,4,234
8,5,232
8,6,230
8,7,228
8,8,225
8,9,223
8,10,220
8,11,218
8,12,215
8,13,213
8,14,210
8,15,207
8,16,205
8,17,202
8,18,200
8,19,198
8,20,196
8,21,194
8,22,192
8,23,190
8,24,188
8,25,186
8,26,184
8,27,182
8,28,180
8,29,178
8,30,176
8,31,174
8,32,172
8,33,171
8,34,169
8,35,168
8,36,167
8,37,167
8,38,167
8,39,166
8,40,166
8,41,166
8,42,165
8,43,165
8,44,164
8,45,164
8,46,164
8,47,164
8,48,163
8,49,163
8,50,163
8,51,163
8,52,163
8,53,162
8,54,162
8,55,161
8,56,161
8,57,160
8,58,160
8,59,160
8,60,160
8,61,161
8,62,161
8,63,161
8,64,161
8,65,162
8,66,162
8,67,163
8,68,163
8,69,164
8,70,165
8,71,165
8,72,166
8,73,166
8,74,166
8,75,167
8,76,167
8,77,167
8,78,168
8,79,168
8,80,168
8,81,168
8,82,168
8,83,168
8,84,169
8,85,169
8,86,170
8,87,171
8,88,171
8,89,172
8,90,173
8,91,173
8,92,173
8,93,173
8,94,172
8,95,172
8,96,171
8,97,171
8,98,171
8,99,171
9,0,234
9,1,233
9,2,233
9,3,232
9,4,231
9,5,229
9,6,227
9,7,225
9,8,223
9,9,220
9,10,218
9,11,215
9,12,213
9,13,210
9,14,207
9,15,205
9,16,202
9,17,200
9,18,198
9,19,196
9,20,194
9,21,192
9,22,190
9,23,188
9,24,186
9,25,184
9,26,182
9,27,179
9,28,177
9,29,175
9,30,173
9,31,172
9,32,170
9,33,168
9,34,167
9,35,166
9,36,165
9,37,165
9,38,164
9,39,164
9,40,164
9,41,164
9,42,163
9,43,163
9,44,162
9,45,162
9,46,162
9,47,162
9,48,162
9,49,162
9,50,161
9,51,161
9,52,161
9,53,160
9,54,160
9,55,159
9,56,158
9,57,158
9,58,158
9,59,158
9,60,158
9,61,158
9,62,159
9,63,159
9,64,159
9,65,160
9,66,160
9,67,161
9,68,162
9,69,163
9,70,164
9,71,165
9,72,165
9,73,166
9,74,166
9,75,167
9,76,167
9,77,168
9,78,168
9,79,168
9,80,169
9,81,169
9,82,169
9,83,168
9,84,169
9,85,169
9,86,169
9,87,170
9,88,171
9,89,171
9,90,172
9,91,172
9,92,172
9,93,172
9,94,171
9,95,171
9,96,170
9,97,170
9,98,170
9,99,170
10,0,230
10,1,230
10,2,230
10,3,229
10,4,228
10,5,226
10,6,224
10,7,222
10,8,220
10,9,217
10,10,215
10,11,213
10,12,210
10,13,208
10,14,205
10,15,202
10,16,200
10,17,198
10,18,196
10,19,193
10,20,191
10,21,189
10,22,187
10,23,185
10,24,183
10,25,181
10,26,179
10,27,177
10,28,175
10,29,173
10,30,171
10,31,169
10,32,168
10,33,166
10,34,165
10,35,164
10,36,163
10,37,162
10,38,162
10,39,162
10,40,162
10,41,162
10,42,161
10,43,161
10,44,160
10,45,160
10,46,160
10,47,160
10,48,160
10,49,159
10,50,159
10,51,159
10,52,158
10,53,158
10,54,157
10,55,157
10,56,156
10,57,155
10,58,155
10,59,155
10,60,156
10,61,156
10,62,156
10,63,157
10,64,157
10,65,157
10,66,158
10,67,159
10,68,160
10,69,161
10,70,162
10,71,163
10,72,164
10,73,165
10,74,166
10,75,166
10,76,167
10,77,167
10,78,168
10,79,168
10,80,169
10,81,169
10,82,168
10,83,168
10,84,168
10,85,169
10,86,169
10,87,169
10,88,170
10,89,171
10,90,171
10,91,171
10,92,171
10,93,171
10,94,170
10,95,170
10,96,169
10,97,169
10,98,169
10,99,169
11,0,227
11,1,226
11,2,226
11,3,225
11,4,224
11,5,223
11,6,221
11,7,219
11,8,217
11,9,215
11,10,213
11,11,210
11,12,208
11,13,205
11,14,203
11,15,200
11,16,198
11,17,195
11,18,193
11,19,191
11,20,189
11,21,187
11,22,185
11,23,183
11,24,180
11,25,178
11,26,176
11,27,174
11,28,172
11,29,170
11,30,168
11,31,167
11,32,165
11,33,164
11,34,163
11,35,162
11,36,161
11,37,160
11,38,160
11,39,160
11,40,160
11,41,159
11,42,159
11,43,159
11,44,158
11,45,158
11,46,158
11,47,158
11,48,157
11,49,157
11,50,157
11,51,156
11,52,156
11,53,156
11,54,155
11,55,154
11,56,154
11,57,153
11,58,153
11,59,153
11,60,153
11,61,153
11,62,154
11,63,154
11,64,154
11,65,155
11,66,156
11,67,157
11,68,158
11,69,159
11,70,161
11,71,162
11,72,163
11,73,164
11,74,165
11,75,166
11,76,166
11,77,167
11,78,167
11,79,168
11,80,168
11,81,168
11,82,168
11,83,168
11,84,168
11,85,168
11,86,169
11,87,169
11,88,169
11,89,170
11,90,170
11,91,170
11,92,170
11,93,169
11,94,169
11,95,168
11,96,168
11,97,167
11,98,167
11,99,167
12,0,223
12,1,223
12,2,222
12,3,222
12,4,221
12,5,219
12,6,218
12,7,216
12,8,214
12,9,212
12,10,210
12,11,208
12,12,205
12,13,203
12,14,200
12,15,198
12,16,195
12,17,193
12,18,191
12,19,188
12,20,186
12,21,184
12,22,182
12,23,180
12,24,178
12,25,175
12,26,173
12,27,171
12,28,169
12,29,167
12,30,165
12,31,164
12,32,163
12,33,162
12,34,161
12,35,160
12,36,159
12,37,158
12,38,158
12,39,158
12,40,158
12,41,157
12,42,157
12,43,157
12,44,156
12,45,156
12,46,156
12,47,155
12,48,155
12,49,154
12,50,154
12,51,154
12,52,153
12,53,153
12,54,152
12,55,152
12,56,152
12,57,151
12,58,151
12,59,151
12,60,151
12,61,151
12,62,151
12,63,151
12,64,152
12,65,152
12,66,153
12,67,154
12,68,156
12,69,157
12,70,159
12,71,160
12,72,161
12,73,163
12,74,164
12,75,165
12,76,165
12,77,166
12,78,166
12,79,166
12,80,167
12,81,167
12,82,167
12,83,167
12,84,168
12,85,168
12,86,169
12,87,169
12,88,168
12,89,168
12,90,168
12,91,168
12,92,168
12,93,168
12,94,167
12,95,166
12,96,166
12,97,166
12,98,165
12,99,165
13,0,219
13,1,219
13,2,218
13,3,218
13,4,217
13,5,216
13,6,215
13,7,213
13,8,212
13,9,210
13,10,208
13,11,206
13,12,203
13,13,200
13,14,198
13,15,195
13,16,193
13,17,190
13,18,188
13,19,186
13,20,183
13,21,181
13,22,179
13,23,177
13,24,175
13,25,172
13,26,170
13,27,168
13,28,166
13,29,164
13,30,163
13,31,162
13,32,161
13,33,160
13,34,159
13,35,158
13,36,157
13,37,156
13,38,156
13,39,156
13,40,156
13,41,155
13,42,155
13,43,154
13,44,154
13,45,154
13,46,153
13,47,152
13,48,152
13,49,151
13,50,151
13,51,151
13,52,151
13,53,150
13,54,150
13,55,150
13,56,149
13,57,149
13,58,149
13,59,148
13,60,148
13,61,148
13,62,148
13,63,148
13,64,149
13,65,150
13,66,151
13,67,152
13,68,154
13,69,155
13,70,157
13,71,158
13,72,159
13,73,161
13,74,162
13,75,163
13,76,164
13,77,165
13,78,165
13,79,165
13,80,165
13,81,165
13,82,166
13,83,167
13,84,167
13,85,168
13,86,168
13,87,168
13,88,167
13,89,167
13,90,166
13,91,166
13,92,166
13,93,166
13,94,165
13,95,165
13,96,164
13,97,164
13,98,163
13,99,163
14,0,215
14,1,215
14,2,215
14,3,214
14,4,214
14,5,213
14,6,212
14,7,210
14,8,209
14,9,208
14,10,205
14,11,203
14,12,201
14,13,198
14,14,195
14,15,193
14,16,190
14,17,188
14,18,185
14,19,183
14,20,181
14,21,179
14,22,176
14,23,174
14,24,172
14,25,170
14,26,167
14,27,165
14,28,163
14,29,162
14,30,161
14,31,160
14,32,159
14,33,158
14,34,157
14,35,156
14,36,155
14,37,154
14,38,154
14,39,154
14,40,153
14,41,153
14,42,153
14,43,152
14,44,152
14,45,151
14,46,150
14,47,150
14,48,149
14,49,149
14,50,148
14,51,148
14,52,148
14,53,148
14,54,147
14,55,147
14,56,147
14,57,147
14,58,146
14,59,146
14,60,145
14,61,145
14,62,145
14,63,146
14,64,146
14,65,147
14,66,148
14,67,150
14,68,151
14,69,153
14,70,155
14,71,156
14,72,157
14,73,159
14,74,160
14,75,162
14,76,163
14,77,163
14,78,163
14,79,163
14,80,163
14,81,164
14,82,165
14,83,165
14,84,166
14,85,167
14,86,167
14,87,167
14,88,166
14,89,165
14,90,165
14,91,164
14,92,164
14,93,164
14,94,163
14,95,163
14,96,162
14,97,161
14,98,161
14,99,160
15,0,212
15,1,212
15,2,212
15,3,211
15,4,211
15,5,210
15,6,209
15,7,208
15,8,206
15,9,205
15,10,203
15,11,201
15,12,198
15,13,195
15,14,193
15,15,190
15,16,188
15,17,185
15,18,183
15,19,181
15,20,179
15,21,176
15,22,174
15,23,172
15,24,170
15,25,167
15,26,165
15,27,163
15,28,161
15,29,160
15,30,159
15,31,158
15,32,157
15,33,157
15,34,156
15,35,155
15,36,154
15,37,153
15,38,152
15,39,152
15,40,151
15,41,151
15,42,150
15,43,150
15,44,149
15,45,149
15,46,148
15,47,147
15,48,147
15,49,146
15,50,146
15,51,146
15,52,145
15,53,145
15,54,144
15,55,144
15,56,144
15,57,144
15,58,144
15,59,143
15,60,143
15,61,143
15,62,143
15,63,143
15,64,144
15,65,145
15,66,146
15,67,147
15,68,149
15,69,151
15,70,152
15,71,154
15,72,155
15,73,156
15,74,158
15,75,159
15,76,160
15,77,161
15,78,161
15,79,161
15,80,161
15,81,162
15,82,163
15,83,164
15,84,165
15,85,166
15,86,166
15,87,165
15,88,165
15,89,164
15,90,163
15,91,163
15,92,162
15,93,162
15,94,161
15,95,161
15,96,160
15,97,159
15,98,159
15,99,158
16,0,209
16,1,209
16,2,209
16,3,209
16,4,208
16,5,207
16,6,206
16,7,205
16,8,204
16,9,202
16,10,200
16,11,198
16,12,196
16,13,193
16,14,190
16,15,188
16,16,185
16,17,183
16,18,181
16,19,178
16,20,176
16,21,174
16,22,172
16,23,170
16,24,168
16,25,165
16,26,163
16,27,161
16,28,159
16,29,158
16,30,157
16,31,156
16,32,156
16,33,155
16,34,154
16,35,153
16,36,152
16,37,151
16,38,151
16,39,150
16,40,149
16,41,149
16,42,148
16,43,148
16,44,147
16,45,147
16,46,146
16,47,145
16,48,144
16,49,144
16,50,143
16,51,143
16,52,143
16,53,142
16,54,142
16,55,141
16,56,141
16,57,141
16,58,141
16,59,140
16,60,140
16,61,140
16,62,140
16,63,141
16,64,141
16,65,142
16,66,144
16,67,145
16,68,147
16,69,148
16,70,150
16,71,151
16,72,153
16,73,154
16,74,156
16,75,157
16,76,158
16,77,158
16,78,158
16,79,159
16,80,159
16,81,160
16,82,161
16,83,162
16,84,163
16,85,164
16,86,164
16,87,163
16,88,162
16,89,162
16,90,161
16,91,161
16,92,160
16,93,160
16,94,160
16,95,159
16,96,158
16,97,157
16,98,156
16,99,155
17,0,207
17,1,207
17,2,206
17,3,206
17,4,206
17,5,205
17,6,204
17,7,203
17,8,201
17,9,200
17,10,198
17,11,196
17,12,193
17,13,190
17,14,188
17,15,185
17,16,183
17,17,180
17,18,178
17,19,176
17,20,174
17,21,172
17,22,170
17,23,168
17,24,166
17,25,163
17,26,161
17,27,159
17,28,157
17,29,156
17,30,155
17,31,155
17,32,154
17,33,153
17,34,152
17,35,151
17,36,150
17,37,150
17,38,149
17,39,148
17,40,148
17,41,147
17,42,146
17,43,146
17,44,145
17,45,145
17,46,144
17,47,143
17,48,142
17,49,142
17,50,141
17,51,140
17,52,140
17,53,139
17,54,139
17,55,138
17,56,138
17,57,138
17,58,137
17,59,137
17,60,137
17,61,138
17,62,138
17,63,138
17,64,139
17,65,140
17,66,142
17,67,143
17,68,145
17,69,146
17,70,148
17,71,149
17,72,151
17,73,152
17,74,153
17,75,154
17,76,155
17,77,156
17,78,156
17,79,157
17,80,157
17,81,158
17,82,159
17,83,160
17,84,161
17,85,161
17,86,161
17,87,161
17,88,160
17,89,159
17,90,159
17,91,158
17,92,158
17,93,158
17,94,157
17,95,157
17,96,156
17,97,155
17,98,154
17,99,152
18,0,204
18,1,204
18,2,204
18,3,203
18,4,203
18,5,202
18,6,201
18,7,200
18,8,199
18,9,197
18,10,195
18,11,193
18,12,191
18,13,188
18,14,185
18,15,183
18,16,181
18,17,178
18,18,176
18,19,174
18,20,172
18,21,170
18,22,168
18,23,166
18,24,164
18,25,162
18,26,159
18,27,157
18,28,156
18,29,154
18,30,153
18,31,153
18,32,152
18,33,151
18,34,151
18,35,149
18,36,149
18,37,148
18,38,147
18,39,146
18,40,146
18,41,145
18,42,144
18,43,144
18,44,143
18,45,142
18,46,142
18,47,141
18,48,140
18,49,139
18,50,139
18,51,138
18,52,137
18,53,137
18,54,136
18,55,135
18,56,135
18,57,134
18,58,135
18,59,135
18,60,135
18,61,135
18,62,136
18,63,136
18,64,137
18,65,138
18,66,140
18,67,141
18,68,143
18,69,144
18,70,146
18,71,147
18,72,148
18,73,150
18,74,151
18,75,152
18,76,153
18,77,154
18,78,154
18,79,155
18,80,155
18,81,156
18,82,157
18,83,157
18,84,158
18,85,158
18,86,158
18,87,158
18,88,157
18,89,157
18,90,156
18,91,156
18,92,155
18,93,155
18,94,155
18,95,155
18,96,153
18,97,152
18,98,151
18,99,150
19,0,200
19,1,200
19,2,200
19,3,200
19,4,200
19,5,199
19,6,198
19,7,197
19,8,195
19,9,194
19,10,192
19,11,190
19,12,188
19,13,186
19,14,183
19,15,181
19,16,179
19,17,176
19,18,174
19,19,172
19,20,170
19,21,168
19,22,166
19,23,164
19,24,162
19,25,160
19,26,158
19,27,156
19,28,154
19,29,153
19,30,152
19,31,151
19,32,150
19,33,149
19,34,148
19,35,147
19,36,147
19,37,146
19,38,145
19,39,144
19,40,143
19,41,143
19,42,142
19,43,141
19,44,140
19,45,140
19,46,139
19,47,138
19,48,137
19,49,136
19,50,136
19,51,135
19,52,134
19,53,134
19,54,133
19,55,132
19,56,132
19,57,132
19,58,132
19,59,132
19,60,133
19,61,133
19,62,134
19,63,134
19,64,135
19,65,136
19,66,138
19,67,139
19,68,141
19,69,142
19,70,144
19,71,145
19,72,146
19,73,148
19,74,149
19,75,150
19,76,151
19,77,152
19,78,152
19,79,152
19,80,153
19,81,154
19,82,155
19,83,155
19,84,155
19,85,155
19,86,155
19,87,155
19,88,154
19,89,154
19,90,153
19,91,153
19,92,153
19,93,153
19,94,152
19,95,152
19,96,151
19,97,150
19,98,148
19,99,147
20,0,197
20,1,197
20,2,197
20,3,196
20,4,196
20,5,195
20,6,195
20,7,193
20,8,192
20,9,191
20,10,189
20,11,187
20,12,185
20,13,183
20,14,181
20,15,179
20,16,177
20,17,175
20,18,173
20,19,171
20,20,168
20,21,166
20,22,165
20,23,163
20,24,160
20,25,158
20,26,156
20,27,154
20,28,152
20,29,151
20,30,150
20,31,149
20,32,148
20,33,147
20,34,146
20,35,145
20,36,144
20,37,143
20,38,142
20,39,142
20,40,141
20,41,140
20,42,139
20,43,138
20,44,138
20,45,137
20,46,136
20,47,135
20,48,134
20,49,133
20,50,132
20,51,132
20,52,131
20,53,131
20,54,130
20,55,130
20,56,130
20,57,130
20,58,130
20,59,130
20,60,131
20,61,131
20,62,132
20,63,132
20,64,133
20,65,134
20,66,136
20,67,137
20,68,139
20,69,140
20,70,142
20,71,143
20,72,144
20,73,146
20,74,147
20,75,148
20,76,149
20,77,149
20,78,150
20,79,150
20,80,151
20,81,151
20,82,152
20,83,152
20,84,152
20,85,152
20,86,152
20,87,152
20,88,151
20,89,151
20,90,150
20,91,150
20,92,150
20,93,150
20,94,149
20,95,149
20,96,148
20,97,147
20,98,146
20,99,144
21,0,193
21,1,193
21,2,193
21,3,192
21,4,192
21,5,192
21,6,191
21,7,190
21,8,189
21,9,188
21,10,186
21,11,185
21,12,183
21,13,181
21,14,179
21,15,178
21,16,176
21,17,174
21,18,172
21,19,169
21,20,167
21,21,165
21,22,163
21,23,161
21,24,159
21,25,156
21,26,154
21,27,152
21,28,150
21,29,149
21,30,148
21,31,147
21,32,146
21,33,145
21,34,144
21,35,143
21,36,142
21,37,141
21,38,140
21,39,139
21,40,138
21,41,137
21,42,136
21,43,136
21,44,135
21,45,134
21,46,133
21,47,132
21,48,131
21,49,130
21,50,129
21,51,129
21,52,128
21,53,128
21,54,128
21,55,127
21,56,127
21,57,127
21,58,128
21,59,129
21,60,129
21,61,130
21,62,131
21,63,131
21,64,132
21,65,133
21,66,134
21,67,135
21,68,137
21,69,138
21,70,140
21,71,141
21,72,143
21,73,144
21,74,145
21,75,146
21,76,147
21,77,148
21,78,148
21,79,148
21,80,148
21,81,149
21,82,149
21,83,149
21,84,150
21,85,149
21,86,149
21,87,149
21,88,148
21,89,148
21,90,147
21,91,147
21,92,147
21,93,146
21,94,146
21,95,145
21,96,144
21,97,143
21,98,142
21,99,142
22,0,189
22,1,189
22,2,189
22,3,189
22,4,188
22,5,188
22,6,187
22,7,187
22,8,186
22,9,185
22,10,183
22,11,182
22,12,181
22,13,179
22,14,178
22,15,176
22,16,175
22,17,173
22,18,171
22,19,168
22,20,166
22,21,164
22,22,162
22,23,159
22,24,157
22,25,155
22,26,152
22,27,150
22,28,148
22,29,147
22,30,146
22,31,145
22,32,144
22,33,143
22,34,142
22,35,141
22,36,140
22,37,138
22,38,137
22,39,136
22,40,136
22,41,135
22,42,134
22,43,133
22,44,132
22,45,131
22,46,129
22,47,128
22,48,127
22,49,126
22,50,126
22,51,125
22,52,125
22,53,125
22,54,125
22,55,125
22,56,125
22,57,126
22,58,126
22,59,127
22,60,128
22,61,129
22,62,130
22,63,130
22,64,130
22,65,131
22,66,132
22,67,133
22,68,134
22,69,136
22,70,138
22,71,140
22,72,141
22,73,142
22,74,143
22,75,144
22,76,145
22,77,146
22,78,146
22,79,146
22,80,146
22,81,146
22,82,146
22,83,147
22,84,147
22,85,147
22,86,146
22,87,146
22,88,145
22,89,145
22,90,144
22,91,144
22,92,144
22,93,143
22,94,143
22,95,142
22,96,141
22,97,140
22,98,139
22,99,139
23,0,185
23,1,185
23,2,185
23,3,185
23,4,185
23,5,184
23,6,184
23,7,183
23,8,183
23,9,182
23,10,181
23,11,180
23,12,179
23,13,178
23,14,176
23,15,175
23,16,173
23,17,172
23,18,170
23,19,167
23,20,165
23,21,163
23,22,160
23,23,158
23,24,155
23,25,153
23,26,151
23,27,149
23,28,147
23,29,145
23,30,144
23,31,143
23,32,142
23,33,141
23,34,140
23,35,138
23,36,137
23,37,136
23,38,135
23,39,134
23,40,133
23,41,132
23,42,131
23,43,130
23,44,129
23,45,128
23,46,126
23,47,125
23,48,124
23,49,123
23,50,123
23,51,122
23,52,122
23,53,122
23,54,122
23,55,123
23,56,123
23,57,124
23,58,125
23,59,126
23,60,127
23,61,128
23,62,129
23,63,129
23,64,129
23,65,129
23,66,130
23,67,131
23,68,133
23,69,134
23,70,136
23,71,138
23,72,139
23,73,140
23,74,141
23,75,142
23,76,143
23,77,143
23,78,144
23,79,143
23,80,143
23,81,143
23,82,143
23,83,144
23,84,144
23,85,144
23,86,143
23,87,143
23,88,142
23,89,142
23,90,141
23,91,141
23,92,141
23,93,140
23,94,139
23,95,138
23,96,137
23,97,137
23,98,136
23,99,136
24,0,182
24,1,182
24,2,182
24,3,182
24,4,182
24,5,181
24,6,181
24,7,180
24,8,180
24,9,179
24,10,178
24,11,177
24,12,176
24,13,176
24,14,175
24,15,173
24,16,172
24,17,170
24,18,168
24,19,166
24,20,164
24,21,161
24,22,159
24,23,156
24,24,154
24,25,151
24,26,149
24,27,147
24,28,145
24,29,143
24,30,142
24,31,141
24,32,140
24,33,139
24,34,138
24,35,136
24,36,135
24,37,134
24,38,133
24,39,132
24,40,131
24,41,130
24,42,129
24,43,128
24,44,126
24,45,125
24,46,124
24,47,122
24,48,121
24,49,120
24,50,120
24,51,120
24,52,119
24,53,120
24,54,120
24,55,121
24,56,121
24,57,122
24,58,123
24,59,125
24,60,126
24,61,127
24,62,127
24,63,128
24,64,128
24,65,128
24,66,128
24,67,129
24,68,131
24,69,133
24,70,134
24,71,136
24,72,137
24,73,138
24,74,139
24,75,140
24,76,141
24,77,141
24,78,141
24,79,141
24,80,141
24,81,141
24,82,141
24,83,141
24,84,141
24,85,141
24,86,140
24,87,140
24,88,139
24,89,139
24,90,138
24,91,138
24,92,137
24,93,137
24,94,136
24,95,135
24,96,134
24,97,134
24,98,133
24,99,133
25,0,179
25,1,179
25,2,179
25,3,179
25,4,179
25,5,179
25,6,178
25,7,178
25,8,177
25,9,176
25,10,176
25,11,175
25,12,174
25,13,174
25,14,173
25,15,172
25,16,171
25,17,169
25,18,167
25,19,165
25,20,162
25,21,160
25,22,157
25,23,155
25,24,152
25,25,150
25,26,148
25,27,146
25,28,144
25,29,142
25,30,140
25,31,139
25,32,138
25,33,137
25,34,136
25,35,134
25,36,133
25,37,132
25,38,131
25,39,130
25,40,128
25,41,127
25,42,126
25,43,125
25,44,124
25,45,123
25,46,121
25,47,120
25,48,119
25,49,118
25,50,117
25,51,117
25,52,117
25,53,118
25,54,118
25,55,119
25,56,120
25,57,121
25,58,122
25,59,123
25,60,125
25,61,125
25,62,126
25,63,126
25,64,126
25,65,127
25,66,127
25,67,128
25,68,129
25,69,131
25,70,132
25,71,134
25,72,135
25,73,136
25,74,137
25,75,138
25,76,138
25,77,139
25,78,139
25,79,139
25,80,138
25,81,138
25,82,138
25,83,138
25,84,138
25,85,138
25,86,137
25,87,137
25,88,136
25,89,136
25,90,135
25,91,135
25,92,134
25,93,134
25,94,133
25,95,132
25,96,131
25,97,131
25,98,130
25,99,130
26,0,177
26,1,177
26,2,177
26,3,177
26,4,177
26,5,177
26,6,176
26,7,176
26,8,175
26,9,174
26,10,174
26,11,173
26,12,173
26,13,172
26,14,171
26,15,170
26,16,169
26,17,167
26,18,165
26,19,163
26,20,161
26,21,158
26,22,156
26,23,153
26,24,151
26,25,148
26,26,146
26,27,144
26,28,142
26,29,141
26,30,139
26,31,138
26,32,136
26,33,135
26,34,134
26,35,132
26,36,131
26,37,130
26,38,129
26,39,127
26,40,126
26,41,125
26,42,124
26,43,123
26,44,122
26,45,121
26,46,119
26,47,118
26,48,117
26,49,116
26,50,116
26,51,115
26,52,115
26,53,116
26,54,116
26,55,117
26,56,118
26,57,120
26,58,121
26,59,122
26,60,123
26,61,124
26,62,124
26,63,125
26,64,125
26,65,126
26,66,126
26,67,127
26,68,128
26,69,129
26,70,131
26,71,132
26,72,133
26,73,134
26,74,134
26,75,135
26,76,136
26,77,136
26,78,136
26,79,136
26,80,136
26,81,136
26,82,135
26,83,135
26,84,135
26,85,135
26,86,134
26,87,134
26,88,133
26,89,133
26,90,133
26,91,132
26,92,132
26,93,131
26,94,130
26,95,129
26,96,128
26,97,128
26,98,127
26,99,127
27,0,175
27,1,175
27,2,175
27,3,175
27,4,175
27,5,175
27,6,175
27,7,174
27,8,173
27,9,172
27,10,172
27,11,171
27,12,171
27,13,171
27,14,170
27,15,169
27,16,168
27,17,166
27,18,163
27,19,161
27,20,159
27,21,157
27,22,154
27,23,152
27,24,149
27,25,147
27,26,145
27,27,143
27,28,141
27,29,139
27,30,138
27,31,136
27,32,134
27,33,133
27,34,132
27,35,130
27,36,129
27,37,128
27,38,127
27,39,126
27,40,124
27,41,123
27,42,122
27,43,121
27,44,120
27,45,119
27,46,117
27,47,116
27,48,115
27,49,114
27,50,114
27,51,114
27,52,114
27,53,114
27,54,115
27,55,116
27,56,117
27,57,119
27,58,120
27,59,121
27,60,122
27,61,122
27,62,123
27,63,123
27,64,124
27,65,125
27,66,125
27,67,126
27,68,127
27,69,128
27,70,129
27,71,130
27,72,131
27,73,131
27,74,132
27,75,133
27,76,133
27,77,133
27,78,134
27,79,134
27,80,133
27,81,133
27,82,133
27,83,133
27,84,133
27,85,132
27,86,132
27,87,131
27,88,131
27,89,131
27,90,130
27,91,130
27,92,129
27,93,128
27,94,127
27,95,126
27,96,125
27,97,125
27,98,124
27,99,123
28,0,174
28,1,174
28,2,174
28,3,174
28,4,174
28,5,174
28,6,173
28,7,173
28,8,172
28,9,171
28,10,170
28,11,170
28,12,170
28,13,169
28,14,169
28,15,168
28,16,166
28,17,164
28,18,162
28,19,160
28,20,157
28,21,155
28,22,153
28,23,150
28,24,148
28,25,146
28,26,144
28,27,142
28,28,140
28,29,138
28,30,136
28,31,134
28,32,133
28,33,131
28,34,130
28,35,128
28,36,127
28,37,126
28,38,125
28,39,124
28,40,123
28,41,122
28,42,121
28,43,120
28,44,119
28,45,117
28,46,116
28,47,115
28,48,114
28,49,113
28,50,113
28,51,113
28,52,113
28,53,113
28,54,114
28,55,115
28,56,117
28,57,118
28,58,119
28,59,120
28,60,121
28,61,121
28,62,122
28,63,122
28,64,123
28,65,124
28,66,125
28,67,126
28,68,126
28,69,127
28,70,128
28,71,128
28,72,129
28,73,130
28,74,130
28,75,130
28,76,131
28,77,131
28,78,131
28,79,131
28,80,131
28,81,131
28,82,131
28,83,131
28,84,131
28,85,130
28,86,130
28,87,129
28,88,129
28,89,129
28,90,128
28,91,128
28,92,127
28,93,126
28,94,124
28,95,123
28,96,122
28,97,121
28,98,121
28,99,120
29,0,172
29,1,172
29,2,173
29,3,173
29,4,173
29,5,173
29,6,172
29,7,172
29,8,171
29,9,170
29,10,169
29,11,169
29,12,169
29,13,168
29,14,168
29,15,167
29,16,165
29,17,163
29,18,161
29,19,158
29,20,156
29,21,154
29,22,151
29,23,149
29,24,147
29,25,144
29,26,142
29,27,141
29,28,139
29,29,137
29,30,135
29,31,133
29,32,131
29,33,130
29,34,128
29,35,127
29,36,126
29,37,125
29,38,124
29,39,123
29,40,122
29,41,121
29,42,120
29,43,119
29,44,118
29,45,117
29,46,115
29,47,114
29,48,113
29,49,112
29,50,112
29,51,112
29,52,112
29,53,112
29,54,113
29,55,115
29,56,116
29,57,117
29,58,119
29,59,120
29,60,120
29,61,121
29,62,121
29,63,121
29,64,122
29,65,123
29,66,124
29,67,125
29,68,125
29,69,126
29,70,127
29,71,127
29,72,128
29,73,128
29,74,128
29,75,129
29,76,129
29,77,129
29,78,130
29,79,130
29,80,129
29,81,129
29,82,129
29,83,129
29,84,129
29,85,128
29,86,128
29,87,127
29,88,127
29,89,126
29,90,126
29,91,125
29,92,124
29,93,123
29,94,121
29,95,120
29,96,119
29,97,118
29,98,117
29,99,117
30,0,171
30,1,171
30,2,171
30,3,171
30,4,172
30,5,172
30,6,171
30,7,170
30,8,170
30,9,169
30,10,168
30,11,168
30,12,167
30,13,167
30,14,166
30,15,165
30,16,163
30,17,161
30,18,159
30,19,157
30,20,155
30,21,153
30,22,150
30,23,148
30,24,146
30,25,143
30,26,141
30,27,139
30,28,138
30,29,136
30,30,134
30,31,132
30,32,130
30,33,128
30,34,127
30,35,126
30,36,125
30,37,124
30,38,123
30,39,122
30,40,121
30,41,120
30,42,119
30,43,118
30,44,117
30,45,116
30,46,114
30,47,113
30,48,112
30,49,111
30,50,111
30,51,111
30,52,111
30,53,112
30,54,113
30,55,114
30,56,115
30,57,117
30,58,118
30,59,119
30,60,120
30,61,120
30,62,120
30,63,121
30,64,122
30,65,122
30,66,123
30,67,124
30,68,124
30,69,125
30,70,125
30,71,126
30,72,126
30,73,126
30,74,127
30,75,127
30,76,127
30,77,128
30,78,128
30,79,128
30,80,128
30,81,128
30,82,127
30,83,127
30,84,127
30,85,126
30,86,125
30,87,125
30,88,124
30,89,124
30,90,123
30,91,122
30,92,121
30,93,120
30,94,119
30,95,118
30,96,117
30,97,116
30,98,115
30,99,114
31,0,169
31,1,169
31,2,170
31,3,170
31,4,170
31,5,170
31,6,170
31,7,169
31,8,169
31,9,168
31,10,167
31,11,167
31,12,166
31,13,165
31,14,164
31,15,163
31,16,162
31,17,160
31,18,158
31,19,156
31,20,154
31,21,151
31,22,149
31,23,147
31,24,145
31,25,142
31,26,140
31,27,138
31,28,136
31,29,135
31,30,133
31,31,131
31,32,129
31,33,127
31,34,126
31,35,125
31,36,124
31,37,123
31,38,122
31,39,121
31,40,121
31,41,120
31,42,119
31,43,118
31,44,117
31,45,115
31,46,114
31,47,113
31,48,112
31,49,111
31,50,111
31,51,111
31,52,111
31,53,111
31,54,112
31,55,113
31,56,115
31,57,116
31,58,117
31,59,118
31,60,119
31,61,119
31,62,120
31,63,120
31,64,121
31,65,121
31,66,122
31,67,123
31,68,123
31,69,123
31,70,124
31,71,124
31,72,124
31,73,125
31,74,125
31,75,126
31,76,126
31,77,126
31,78,126
31,79,126
31,80,126
31,81,126
31,82,126
31,83,125
31,84,125
31,85,124
31,86,123
31,87,122
31,88,122
31,89,121
31,90,120
31,91,119
31,92,118
31,93,117
31,94,116
31,95,115
31,96,114
31,97,113
31,98,112
31,99,111
32,0,167
32,1,167
32,2,168
32,3,168
32,4,169
32,5,169
32,6,168
32,7,168
32,8,167
32,9,166
32,10,166
32,11,165
32,12,164
32,13,163
32,14,162
32,15,161
32,16,160
32,17,158
32,18,156
32,19,154
32,20,152
32,21,150
32,22,148
32,23,146
32,24,144
32,25,141
32,26,139
32,27,137
32,28,135
32,29,134
32,30,132
32,31,130
32,32,128
32,33,126
32,34,125
32,35,124
32,36,123
32,37,122
32,38,121
32,39,121
32,40,120
32,41,120
32,42,119
32,43,118
32,44,117
32,45,115
32,46,114
32,47,112
32,48,111
32,49,110
32,50,110
32,51,110
32,52,110
32,53,111
32,54,112
32,55,113
32,56,114
32,57,115
32,58,116
32,59,117
32,60,118
32,61,119
32,62,119
32,63,119
32,64,120
32,65,120
32,66,121
32,67,122
32,68,122
32,69,122
32,70,122
32,71,122
32,72,122
32,73,123
32,74,123
32,75,124
32,76,124
32,77,124
32,78,124
32,79,124
32,80,124
32,81,124
32,82,124
32,83,123
32,84,122
32,85,121
32,86,121
32,87,120
32,88,119
32,89,118
32,90,117
32,91,116
32,92,115
32,93,114
32,94,113
32,95,113
32,96,111
32,97,110
32,98,109
32,99,108
33,0,165
33,1,165
33,2,166
33,3,166
33,4,167
33,5,167
33,6,167
33,7,166
33,8,165
33,9,165
33,10,164
33,11,163
33,12,162
33,13,161
33,14,160
33,15,159
33,16,158
33,17,156
33,18,155
33,19,153
33,20,151
33,21,149
33,22,147
33,23,145
33,24,143
33,25,141
33,26,139
33,27,137
33,28,135
33,29,133
33,30,131
33,31,129
33,32,127
33,33,126
33,34,124
33,35,123
33,36,122
33,37,122
33,38,121
33,39,120
33,40,120
33,41,119
33,42,119
33,43,118
33,44,116
33,45,115
33,46,113
33,47,112
33,48,111
33,49,110
33,50,110
33,51,110
33,52,110
33,53,110
33,54,111
33,55,112
33,56,113
33,57,114
33,58,115
33,59,116
33,60,117
33,61,117
33,62,118
33,63,118
33,64,119
33,65,119
33,66,120
33,67,120
33,68,120
33,69,120
33,70,120
33,71,120
33,72,120
33,73,121
33,74,121
33,75,122
33,76,122
33,77,122
33,78,122
33,79,122
33,80,122
33,81,122
33,82,121
33,83,121
33,84,120
33,85,119
33,86,118
33,87,117
33,88,116
33,89,115
33,90,113
33,91,112
33,92,112
33,93,111
33,94,110
33,95,110
33,96,109
33,97,108
33,98,106
33,99,105
34,0,163
34,1,163
34,2,164
34,3,164
34,4,165
34,5,165
34,6,165
34,7,164
34,8,163
34,9,163
34,10,162
34,11,161
34,12,161
34,13,160
34,14,158
34,15,157
34,16,156
34,17,155
34,18,153
34,19,151
34,20,149
34,21,148
34,22,146
34,23,144
34,24,142
34,25,140
34,26,138
34,27,136
34,28,134
34,29,133
34,30,131
34,31,129
34,32,127
34,33,126
34,34,124
34,35,123
34,36,122
34,37,122
34,38,121
34,39,120
34,40,120
34,41,119
34,42,118
34,43,117
34,44,116
34,45,114
34,46,113
34,47,111
34,48,110
34,49,109
34,50,109
34,51,109
34,52,109
34,53,110
34,54,110
34,55,111
34,56,112
34,57,113
34,58,114
34,59,115
34,60,116
34,61,116
34,62,116
34,63,117
34,64,117
34,65,117
34,66,118
34,67,118
34,68,119
34,69,118
34,70,118
34,71,118
34,72,118
34,73,119
34,74,119
34,75,119
34,76,120
34,77,120
34,78,120
34,79,120
34,80,120
34,81,119
34,82,119
34,83,118
34,84,117
34,85,116
34,86,115
34,87,114
34,88,113
34,89,111
34,90,110
34,91,109
34,92,108
34,93,108
34,94,107
34,95,106
34,96,106
34,97,104
34,98,103
34,99,102
35,0,161
35,1,161
35,2,161
35,3,162
35,4,162
35,5,162
35,6,162
35,7,162
35,8,161
35,9,161
35,10,160
35,11,159
35,12,158
35,13,157
35,14,156
35,15,155
35,16,154
35,17,153
35,18,151
35,19,150
35,20,148
35,21,146
35,22,145
35,23,143
35,24,141
35,25,140
35,26,138
35,27,136
35,28,134
35,29,133
35,30,131
35,31,129
35,32,127
35,33,126
35,34,124
35,35,123
35,36,123
35,37,122
35,38,121
35,39,120
35,40,119
35,41,119
35,42,118
35,43,117
35,44,115
35,45,114
35,46,112
35,47,111
35,48,110
35,49,109
35,50,108
35,51,108
35,52,108
35,53,108
35,54,109
35,55,110
35,56,111
35,57,112
35,58,113
35,59,114
35,60,114
35,61,115
35,62,115
35,63,115
35,64,115
35,65,116
35,66,116
35,67,117
35,68,117
35,69,117
35,70,116
35,71,116
35,72,116
35,73,117
35,74,117
35,75,117
35,76,117
35,77,117
35,78,117
35,79,117
35,80,117
35,81,116
35,82,116
35,83,115
35,84,114
35,85,112
35,86,111
35,87,110
35,88,109
35,89,108
35,90,107
35,91,106
35,92,105
35,93,104
35,94,103
35,95,103
35,96,102
35,97,101
35,98,100
35,99,100
36,0,159
36,1,159
36,2,159
36,3,159
36,4,159
36,5,159
36,6,159
36,7,159
36,8,159
36,9,158
36,10,158
36,11,157
36,12,156
36,13,155
36,14,154
36,15,153
36,16,152
36,17,151
36,18,150
36,19,148
36,20,147
36,21,145
36,22,144
36,23,143
36,24,141
36,25,140
36,26,138
36,27,136
36,28,134
36,29,133
36,30,131
36,31,130
36,32,128
36,33,127
36,34,125
36,35,124
36,36,123
36,37,122
36,38,122
36,39,121
36,40,120
36,41,118
36,42,117
36,43,116
36,44,115
36,45,113
36,46,112
36,47,111
36,48,109
36,49,108
36,50,108
36,51,107
36,52,107
36,53,107
36,54,108
36,55,108
36,56,109
36,57,110
36,58,111
36,59,112
36,60,113
36,61,113
36,62,113
36,63,113
36,64,114
36,65,114
36,66,114
36,67,115
36,68,115
36,69,115
36,70,115
36,71,115
36,72,115
36,73,115
36,74,114
36,75,114
36,76,114
36,77,114
36,78,114
36,79,114
36,80,113
36,81,113
36,82,112
36,83,111
36,84,110
36,85,109
36,86,108
36,87,107
36,88,106
36,89,104
36,90,103
36,91,102
36,92,101
36,93,100
36,94,100
36,95,99
36,96,98
36,97,98
36,98,97
36,99,97
37,0,156
37,1,156
37,2,156
37,3,156
37,4,156
37,5,156
37,6,156
37,7,156
37,8,156
37,9,156
37,10,155
37,11,155
37,12,154
37,13,153
37,14,152
37,15,151
37,16,150
37,17,149
37,18,148
37,19,147
37,20,146
37,21,145
37,22,144
37,23,143
37,24,141
37,25,140
37,26,138
37,27,137
37,28,135
37,29,134
37,30,132
37,31,131
37,32,129
37,33,128
37,34,126
37,35,125
37,36,124
37,37,123
37,38,122
37,39,121
37,40,120
37,41,118
37,42,117
37,43,115
37,44,114
37,45,113
37,46,112
37,47,110
37,48,109
37,49,108
37,50,107
37,51,106
37,52,106
37,53,106
37,54,106
37,55,107
37,56,107
37,57,108
37,58,109
37,59,110
37,60,111
37,61,111
37,62,112
37,63,112
37,64,112
37,65,112
37,66,112
37,67,113
37,68,113
37,69,113
37,70,113
37,71,113
37,72,113
37,73,112
37,74,112
37,75,112
37,76,111
37,77,111
37,78,111
37,79,111
37,80,110
37,81,110
37,82,109
37,83,108
37,84,107
37,85,105
37,86,104
37,87,103
37,88,102
37,89,100
37,90,99
37,91,98
37,92,97
37,93,96
37,94,96
37,95,95
37,96,95
37,97,95
37,98,94
37,99,94
38,0,154
38,1,154
38,2,153
38,3,153
38,4,153
38,5,153
38,6,153
38,7,153
38,8,153
38,9,153
38,10,153
38,11,152
38,12,152
38,13,151
38,14,150
38,15,150
38,16,149
38,17,148
38,18,147
38,19,146
38,20,145
38,21,144
38,22,143
38,23,143
38,24,141
38,25,140
38,26,139
38,27,137
38,28,136
38,29,134
38,30,133
38,31,132
38,32,130
38,33,129
38,34,128
38,35,126
38,36,125
38,37,124
38,38,123
38,39,122
38,40,120
38,41,118
38,42,116
38,43,115
38,44,114
38,45,112
38,46,111
38,47,110
38,48,109
38,49,107
38,50,106
38,51,105
38,52,105
38,53,105
38,54,105
38,55,105
38,56,106
38,57,107
38,58,108
38,59,109
38,60,109
38,61,110
38,62,110
38,63,110
38,64,110
38,65,110
38,66,110
38,67,111
38,68,111
38,69,111
38,70,111
38,71,111
38,72,110
38,73,110
38,74,110
38,75,109
38,76,109
38,77,108
38,78,108
38,79,108
38,80,107
38,81,106
38,82,105
38,83,104
38,84,103
38,85,101
38,86,100
38,87,99
38,88,98
38,89,97
38,90,95
38,91,94
38,92,94
38,93,93
38,94,92
38,95,92
38,96,92
38,97,92
38,98,92
38,99,92
39,0,151
39,1,151
39,2,150
39,3,150
39,4,150
39,5,150
39,6,150
39,7,150
39,8,150
39,9,150
39,10,150
39,11,150
39,12,149
39,13,149
39,14,148
39,15,148
39,16,147
39,17,146
39,18,145
39,19,144
39,20,144
39,21,143
39,22,143
39,23,142
39,24,142
39,25,140
39,26,139
39,27,138
39,28,137
39,29,136
39,30,134
39,31,133
39,32,132
39,33,130
39,34,129
39,35,128
39,36,126
39,37,125
39,38,124
39,39,122
39,40,120
39,41,118
39,42,116
39,43,115
39,44,113
39,45,112
39,46,111
39,47,109
39,48,108
39,49,107
39,50,106
39,51,104
39,52,104
39,53,104
39,54,104
39,55,104
39,56,105
39,57,106
39,58,106
39,59,107
39,60,108
39,61,108
39,62,108
39,63,108
39,64,108
39,65,108
39,66,108
39,67,108
39,68,108
39,69,108
39,70,108
39,71,108
39,72,108
39,73,107
39,74,107
39,75,106
39,76,106
39,77,106
39,78,105
39,79,105
39,80,104
39,81,103
39,82,102
39,83,100
39,84,99
39,85,98
39,86,96
39,87,95
39,88,94
39,89,93
39,90,92
39,91,91
39,92,90
39,93,89
39,94,89
39,95,89
39,96,89
39,97,89
39,98,89
39,99,89
40,0,148
40,1,148
40,2,147
40,3,147
40,4,147
40,5,147
40,6,147
40,7,148
40,8,148
40,9,148
40,10,148
40,11,148
40,12,147
40,13,147
40,14,147
40,15,146
40,16,146
40,17,145
40,18,144
40,19,143
40,20,143
40,21,143
40,22,142
40,23,142
40,24,141
40,25,141
40,26,140
40,27,139
40,28,138
40,29,137
40,30,136
40,31,135
40,32,133
40,33,132
40,34,130
40,35,129
40,36,128
40,37,126
40,38,125
40,39,123
40,40,121
40,41,118
40,42,117
40,43,115
40,44,113
40,45,112
40,46,111
40,47,109
40,48,108
40,49,106
40,50,105
40,51,104
40,52,103
40,53,103
40,54,103
40,55,104
40,56,104
40,57,105
40,58,105
40,59,106
40,60,106
40,61,106
40,62,106
40,63,106
40,64,106
40,65,106
40,66,106
40,67,106
40,68,106
40,69,106
40,70,106
40,71,105
40,72,105
40,73,105
40,74,104
40,75,104
40,76,104
40,77,103
40,78,103
40,79,102
40,80,101
40,81,100
40,82,99
40,83,97
40,84,96
40,85,94
40,86,93
40,87,92
40,88,90
40,89,89
40,90,89
40,91,88
40,92,87
40,93,87
40,94,86
40,95,86
40,96,86
40,97,86
40,98,87
40,99,87
41,0,145
41,1,145
41,2,145
41,3,144
41,4,144
41,5,144
41,6,145
41,7,145
41,8,146
41,9,146
41,10,146
41,11,146
41,12,146
41,13,146
41,14,145
41,15,145
41,16,145
41,17,144
41,18,143
41,19,143
41,20,142
41,21,142
41,22,142
41,23,142
41,24,141
41,25,141
41,26,140
41,27,140
41,28,139
41,29,138
41,30,137
41,31,136
41,32,135
41,33,133
41,34,132
41,35,130
41,36,129
41,37,127
41,38,125
41,39,123
41,40,121
41,41,119
41,42,117
41,43,115
41,44,113
41,45,112
41,46,110
41,47,109
41,48,107
41,49,106
41,50,105
41,51,104
41,52,103
41,53,103
41,54,103
41,55,103
41,56,103
41,57,104
41,58,104
41,59,104
41,60,104
41,61,104
41,62,104
41,63,104
41,64,104
41,65,104
41,66,104
41,67,104
41,68,104
41,69,103
41,70,103
41,71,103
41,72,102
41,73,102
41,74,102
41,75,102
41,76,102
41,77,101
41,78,101
41,79,100
41,80,99
41,81,97
41,82,96
41,83,94
41,84,92
41,85,91
41,86,90
41,87,88
41,88,87
41,89,86
41,90,86
41,91,85
41,92,84
41,93,84
41,94,84
41,95,84
41,96,84
41,97,84
41,98,84
41,99,85
42,0,143
42,1,143
42,2,143
42,3,142
42,4,142
42,5,142
42,6,143
42,7,143
42,8,143
42,9,144
42,10,144
42,11,144
42,12,144
42,13,144
42,14,144
42,15,144
42,16,144
42,17,143
42,18,142
42,19,142
42,20,142
42,21,142
42,22,141
42,23,141
42,24,141
42,25,141
42,26,141
42,27,141
42,28,140
42,29,139
42,30,138
42,31,137
42,32,136
42,33,134
42,34,133
42,35,132
42,36,130
42,37,128
42,38,126
42,39,124
42,40,122
42,41,119
42,42,117
42,43,115
42,44,114
42,45,112
42,46,110
42,47,109
42,48,107
42,49,106
42,50,104
42,51,103
42,52,103
42,53,102
42,54,102
42,55,102
42,56,103
42,57,103
42,58,103
42,59,103
42,60,103
42,61,103
42,62,102
42,63,102
42,64,102
42,65,102
42,66,102
42,67,102
42,68,102
42,69,101
42,70,101
42,71,100
42,72,100
42,73,100
42,74,100
42,75,100
42,76,100
42,77,99
42,78,98
42,79,97
42,80,96
42,81,95
42,82,93
42,83,91
42,84,89
42,85,88
42,86,86
42,87,85
42,88,84
42,89,84
42,90,83
42,91,82
42,92,82
42,93,82
42,94,82
42,95,82
42,96,82
42,97,82
42,98,82
42,99,83
43,0,141
43,1,141
43,2,141
43,3,140
43,4,140
43,5,140
43,6,141
43,7,141
43,8,142
43,9,142
43,10,142
43,11,143
43,12,143
43,13,143
43,14,143
43,15,143
43,16,143
43,17,142
43,18,142
43,19,141
43,20,141
43,21,141
43,22,141
43,23,141
43,24,141
43,25,141
43,26,141
43,27,141
43,28,141
43,29,140
43,30,139
43,31,138
43,32,137
43,33,135
43,34,134
43,35,132
43,36,131
43,37,129
43,38,127
43,39,125
43,40,122
43,41,120
43,42,117
43,43,115
43,44,114
43,45,112
43,46,110
43,47,109
43,48,107
43,49,106
43,50,104
43,51,103
43,52,102
43,53,102
43,54,102
43,55,102
43,56,102
43,57,102
43,58,102
43,59,102
43,60,102
43,61,102
43,62,101
43,63,101
43,64,101
43,65,101
43,66,101
43,67,100
43,68,100
43,69,99
43,70,99
43,71,98
43,72,98
43,73,98
43,74,98
43,75,98
43,76,98
43,77,97
43,78,96
43,79,95
43,80,94
43,81,92
43,82,91
43,83,89
43,84,87
43,85,85
43,86,84
43,87,83
43,88,82
43,89,81
43,90,80
43,91,80
43,92,80
43,93,79
43,94,79
43,95,80
43,96,80
43,97,80
43,98,81
43,99,81
44,0,140
44,1,140
44,2,139
44,3,139
44,4,139
44,5,139
44,6,140
44,7,140
44,8,141
44,9,141
44,10,141
44,11,141
44,12,142
44,13,142
44,14,142
44,15,142
44,16,142
44,17,141
44,18,141
44,19,141
44,20,141
44,21,141
44,22,141
44,23,141
44,24,141
44,25,142
44,26,142
44,27,142
44,28,142
44,29,141
44,30,140
44,31,139
44,32,137
44,33,136
44,34,134
44,35,133
44,36,131
44,37,129
44,38,127
44,39,125
44,40,122
44,41,120
44,42,117
44,43,116
44,44,114
44,45,112
44,46,110
44,47,109
44,48,107
44,49,105
44,50,104
44,51,103
44,52,102
44,53,101
44,54,101
44,55,101
44,56,101
44,57,101
44,58,101
44,59,101
44,60,101
44,61,100
44,62,100
44,63,100
44,64,100
44,65,99
44,66,99
44,67,99
44,68,98
44,69,98
44,70,97
44,71,97
44,72,96
44,73,96
44,74,96
44,75,96
44,76,95
44,77,95
44,78,94
44,79,93
44,80,91
44,81,90
44,82,88
44,83,86
44,84,84
44,85,82
44,86,81
44,87,80
44,88,79
44,89,78
44,90,78
44,91,78
44,92,77
44,93,77
44,94,77
44,95,78
44,96,78
44,97,79
44,98,79
44,99,80
45,0,138
45,1,138
45,2,138
45,3,138
45,4,139
45,5,139
45,6,139
45,7,140
45,8,140
45,9,141
45,10,141
45,11,141
45,12,141
45,13,141
45,14,141
45,15,141
45,16,141
45,17,141
45,18,141
45,19,141
45,20,141
45,21,141
45,22,142
45,23,142
45,24,142
45,25,143
45,26,143
45,27,143
45,28,143
45,29,142
45,30,141
45,31,139
45,32,138
45,33,136
45,34,134
45,35,133
45,36,131
45,37,129
45,38,127
45,39,125
45,40,122
45,41,120
45,42,117
45,43,115
45,44,114
45,45,112
45,46,110
45,47,108
45,48,107
45,49,105
45,50,104
45,51,103
45,52,102
45,53,101
45,54,101
45,55,101
45,56,100
45,57,100
45,58,100
45,59,100
45,60,100
45,61,99
45,62,99
45,63,98
45,64,98
45,65,98
45,66,98
45,67,97
45,68,97
45,69,96
45,70,95
45,71,95
45,72,94
45,73,94
45,74,94
45,75,93
45,76,93
45,77,92
45,78,91
45,79,90
45,80,89
45,81,87
45,82,85
45,83,83
45,84,82
45,85,80
45,86,78
45,87,77
45,88,77
45,89,76
45,90,76
45,91,75
45,92,75
45,93,75
45,94,75
45,95,76
45,96,76
45,97,77
45,98,78
45,99,79
46,0,138
46,1,138
46,2,138
46,3,138
46,4,139
46,5,139
46,6,140
46,7,140
46,8,140
46,9,141
46,10,141
46,11,141
46,12,140
46,13,140
46,14,140
46,15,140
46,16,140
46,17,140
46,18,141
46,19,141
46,20,141
46,21,142
46,22,142
46,23,143
46,24,143
46,25,144
46,26,144
46,27,144
46,28,144
46,29,143
46,30,141
46,31,140
46,32,138
46,33,136
46,34,134
46,35,133
46,36,131
46,37,130
46,38,128
46,39,125
46,40,123
46,41,120
46,42,117
46,43,115
46,44,113
46,45,112
46,46,110
46,47,108
46,48,107
46,49,105
46,50,104
46,51,103
46,52,102
46,53,102
46,54,101
46,55,100
46,56,99
46,57,99
46,58,99
46,59,99
46,60,98
46,61,98
46,62,97
46,63,97
46,64,97
46,65,96
46,66,96
46,67,96
46,68,95
46,69,94
46,70,94
46,71,93
46,72,93
46,73,92
46,74,92
46,75,91
46,76,91
46,77,90
46,78,89
46,79,88
46,80,86
46,81,85
46,82,83
46,83,81
46,84,79
46,85,78
46,86,76
46,87,75
46,88,75
46,89,74
46,90,74
46,91,74
46,92,73
46,93,73
46,94,73
46,95,74
46,96,75
46,97,76
46,98,77
46,99,78
47,0,138
47,1,138
47,2,138
47,3,139
47,4,139
47,5,140
47,6,140
47,7,141
47,8,141
47,9,141
47,10,141
47,11,141
47,12,141
47,13,140
47,14,140
47,15,140
47,16,140
47,17,140
47,18,141
47,19,141
47,20,142
47,21,142
47,22,143
47,23,144
47,24,144
47,25,145
47,26,145
47,27,145
47,28,144
47,29,144
47,30,142
47,31,140
47,32,138
47,33,136
47,34,134
47,35,133
47,36,131
47,37,130
47,38,128
47,39,125
47,40,123
47,41,120
47,42,117
47,43,115
47,44,113
47,45,112
47,46,110
47,47,108
47,48,107
47,49,106
47,50,105
47,51,104
47,52,103
47,53,102
47,54,101
47,55,100
47,56,99
47,57,98
47,58,98
47,59,97
47,60,97
47,61,96
47,62,96
47,63,96
47,64,95
47,65,95
47,66,95
47,67,94
47,68,94
47,69,93
47,70,92
47,71,92
47,72,91
47,73,91
47,74,90
47,75,90
47,76,89
47,77,88
47,78,87
47,79,86
47,80,85
47,81,83
47,82,81
47,83,79
47,84,78
47,85,76
47,86,74
47,87,74
47,88,73
47,89,73
47,90,73
47,91,72
47,92,72
47,93,72
47,94,72
47,95,73
47,96,74
47,97,75
47,98,76
47,99,78
48,0,138
48,1,138
48,2,139
48,3,139
48,4,140
48,5,141
48,6,141
48,7,141
48,8,142
48,9,142
48,10,142
48,11,142
48,12,141
48,13,141
48,14,140
48,15,140
48,16,140
48,17,140
48,18,141
48,19,142
48,20,142
48,21,143
48,22,144
48,23,145
48,24,145
48,25,146
48,26,146
48,27,146
48,28,145
48,29,144
48,30,143
48,31,140
48,32,138
48,33,136
48,34,134
48,35,133
48,36,131
48,37,130
48,38,128
48,39,125
48,40,123
48,41,120
48,42,117
48,43,115
48,44,113
48,45,112
48,46,110
48,47,109
48,48,107
48,49,106
48,50,105
48,51,104
48,52,103
48,53,102
48,54,101
48,55,100
48,56,98
48,57,97
48,58,97
48,59,96
48,60,96
48,61,95
48,62,95
48,63,94
48,64,94
48,65,94
48,66,93
48,67,93
48,68,92
48,69,92
48,70,91
48,71,91
48,72,90
48,73,90
48,74,89
48,75,88
48,76,88
48,77,87
48,78,86
48,79,85
48,80,83
48,81,82
48,82,80
48,83,78
48,84,76
48,85,75
48,86,73
48,87,73
48,88,72
48,89,72
48,90,72
48,91,71
48,92,71
48,93,71
48,94,71
48,95,72
48,96,73
48,97,74
48,98,76
48,99,78
49,0,139
49,1,139
49,2,140
49,3,140
49,4,141
49,5,142
49,6,142
49,7,143
49,8,143
49,9,143
49,10,143
49,11,143
49,12,142
49,13,142
49,14,141
49,15,141
49,16,141
49,17,141
49,18,141
49,19,142
49,20,143
49,21,144
49,22,145
49,23,145
49,24,146
49,25,147
49,26,147
49,27,147
49,28,146
49,29,145
49,30,143
49,31,141
49,32,138
49,33,136
49,34,134
49,35,133
49,36,131
49,37,130
49,38,128
49,39,126
49,40,123
49,41,120
49,42,118
49,43,116
49,44,114
49,45,112
49,46,110
49,47,109
49,48,108
49,49,106
49,50,106
49,51,105
49,52,104
49,53,103
49,54,101
49,55,100
49,56,98
49,57,97
49,58,96
49,59,95
49,60,95
49,61,94
49,62,94
49,63,93
49,64,93
49,65,93
49,66,92
49,67,92
49,68,91
49,69,91
49,70,90
49,71,89
49,72,89
49,73,88
49,74,88
49,75,88
49,76,87
49,77,86
49,78,85
49,79,84
49,80,82
49,81,81
49,82,79
49,83,77
49,84,76
49,85,74
49,86,73
49,87,72
49,88,71
49,89,71
49,90,71
49,91,70
49,92,70
49,93,70
49,94,71
49,95,72
49,96,73
49,97,74
49,98,76
49,99,78
50,0,140
50,1,140
50,2,141
50,3,142
50,4,142
50,5,143
50,6,144
50,7,144
50,8,145
50,9,145
50,10,145
50,11,145
50,12,144
50,13,143
50,14,142
50,15,142
50,16,142
50,17,142
50,18,142
50,19,143
50,20,144
50,21,145
50,22,146
50,23,147
50,24,147
50,25,148
50,26,148
50,27,148
50,28,147
50,29,146
50,30,144
50,31,141
50,32,139
50,33,136
50,34,134
50,35,133
50,36,132
50,37,130
50,38,128
50,39,126
50,40,123
50,41,121
50,42,118
50,43,116
50,44,114
50,45,112
50,46,111
50,47,109
50,48,108
50,49,107
50,50,106
50,51,105
50,52,104
50,53,103
50,54,101
50,55,100
50,56,98
50,57,97
50,58,96
50,59,95
50,60,94
50,61,93
50,62,93
50,63,93
50,64,92
50,65,92
50,66,92
50,67,91
50,68,91
50,69,90
50,70,89
50,71,88
50,72,88
50,73,88
50,74,87
50,75,87
50,76,87
50,77,86
50,78,84
50,79,83
50,80,82
50,81,80
50,82,79
50,83,77
50,84,76
50,85,74
50,86,73
50,87,72
50,88,71
50,89,70
50,90,70
50,91,69
50,92,69
50,93,70
50,94,70
50,95,72
50,96,73
50,97,74
50,98,76
50,99,78
51,0,142
51,1,142
51,2,142
51,3,143
51,4,144
51,5,144
51,6,145
51,7,146
51,8,146
51,9,147
51,10,147
51,11,146
51,12,145
51,13,144
51,14,144
51,15,143
51,16,143
51,17,143
51,18,143
51,19,144
51,20,145
51,21,146
51,22,147
51,23,148
51,24,149
51,25,149
51,26,149
51,27,149
51,28,148
51,29,146
51,30,144
51,31,142
51,32,139
51,33,137
51,34,135
51,35,134
51,36,132
51,37,131
51,38,129
51,39,126
51,40,124
51,41,121
51,42,119
51,43,116
51,44,114
51,45,112
51,46,111
51,47,110
51,48,108
51,49,107
51,50,106
51,51,106
51,52,104
51,53,103
51,54,101
51,55,100
51,56,98
51,57,97
51,58,96
51,59,94
51,60,94
51,61,93
51,62,92
51,63,92
51,64,92
51,65,92
51,66,92
51,67,91
51,68,90
51,69,89
51,70,88
51,71,88
51,72,87
51,73,87
51,74,87
51,75,87
51,76,87
51,77,86
51,78,84
51,79,83
51,80,81
51,81,80
51,82,78
51,83,77
51,84,76
51,85,74
51,86,73
51,87,72
51,88,71
51,89,70
51,90,69
51,91,69
51,92,69
51,93,70
51,94,71
51,95,72
51,96,73
51,97,75
51,98,76
51,99,78
52,0,143
52,1,143
52,2,144
52,3,144
52,4,145
52,5,146
52,6,146
52,7,147
52,8,148
52,9,148
52,10,148
52,11,148
52,12,147
52,13,146
52,14,145
52,15,145
52,16,144
52,17,144
52,18,145
52,19,145
52,20,146
52,21,147
52,22,148
52,23,149
52,24,150
52,25,150
52,26,150
52,27,149
52,28,149
52,29,147
52,30,145
52,31,143
52,32,140
52,33,138
52,34,136
52,35,134
52,36,133
52,37,131
52,38,129
52,39,127
52,40,124
52,41,122
52,42,119
52,43,117
52,44,115
52,45,113
52,46,111
52,47,110
52,48,109
52,49,108
52,50,107
52,51,106
52,52,105
52,53,103
52,54,102
52,55,100
52,56,99
52,57,97
52,58,96
52,59,95
52,60,94
52,61,93
52,62,92
52,63,92
52,64,92
52,65,92
52,66,92
52,67,91
52,68,90
52,69,89
52,70,88
52,71,88
52,72,87
52,73,87
52,74,87
52,75,87
52,76,87
52,77,86
52,78,85
52,79,83
52,80,81
52,81,80
52,82,78
52,83,77
52,84,76
52,85,75
52,86,73
52,87,72
52,88,71
52,89,69
52,90,69
52,91,68
52,92,69
52,93,70
52,94,71
52,95,72
52,96,74
52,97,75
52,98,77
52,99,79
53,0,144
53,1,144
53,2,145
53,3,145
53,4,146
53,5,147
53,6,148
53,7,148
53,8,149
53,9,150
53,10,150
53,11,149
53,12,148
53,13,148
53,14,147
53,15,146
53,16,146
53,17,146
53,18,146
53,19,147
53,20,147
53,21,148
53,22,149
53,23,150
53,24,151
53,25,151
53,26,151
53,27,150
53,28,149
53,29,148
53,30,146
53,31,143
53,32,141
53,33,139
53,34,137
53,35,135
53,36,134
53,37,132
53,38,130
53,39,128
53,40,125
53,41,122
53,42,120
53,43,117
53,44,115
53,45,114
53,46,112
53,47,110
53,48,109
53,49,108
53,50,107
53,51,106
53,52,105
53,53,103
53,54,102
53,55,100
53,56,99
53,57,97
53,58,96
53,59,95
53,60,94
53,61,93
53,62,92
53,63,92
53,64,92
53,65,92
53,66,92
53,67,91
53,68,91
53,69,90
53,70,89
53,71,88
53,72,88
53,73,88
53,74,88
53,75,88
53,76,87
53,77,86
53,78,85
53,79,83
53,80,82
53,81,80
53,82,79
53,83,77
53,84,76
53,85,75
53,86,74
53,87,72
53,88,71
53,89,70
53,90,69
53,91,69
53,92,69
53,93,70
53,94,71
53,95,73
53,96,74
53,97,76
53,98,77
53,99,79
54,0,145
54,1,145
54,2,146
54,3,146
54,4,147
54,5,148
54,6,149
54,7,150
54,8,150
54,9,151
54,10,151
54,11,151
54,12,150
54,13,149
54,14,148
54,15,148
54,16,147
54,17,147
54,18,148
54,19,148
54,20,148
54,21,149
54,22,150
54,23,151
54,24,151
54,25,151
54,26,151
54,27,150
54,28,149
54,29,148
54,30,146
54,31,144
54,32,142
54,33,139
54,34,137
54,35,136
54,36,134
54,37,133
54,38,131
54,39,128
54,40,126
54,41,123
54,42,120
54,43,118
54,44,116
54,45,114
54,46,113
54,47,111
54,48,110
54,49,108
54,50,107
54,51,106
54,52,105
54,53,103
54,54,102
54,55,100
54,56,99
54,57,97
54,58,96
54,59,95
54,60,93
54,61,93
54,62,92
54,63,92
54,64,92
54,65,92
54,66,92
54,67,91
54,68,91
54,69,90
54,70,89
54,71,88
54,72,88
54,73,88
54,74,88
54,75,88
54,76,88
54,77,87
54,78,86
54,79,84
54,80,83
54,81,81
54,82,79
54,83,78
54,84,76
54,85,75
54,86,74
54,87,72
54,88,71
54,89,70
54,90,70
54,91,69
54,92,70
54,93,71
54,94,72
54,95,73
54,96,75
54,97,76
54,98,78
54,99,80
55,0,146
55,1,146
55,2,147
55,3,147
55,4,148
55,5,149
55,6,150
55,7,151
55,8,152
55,9,153
55,10,153
55,11,152
55,12,151
55,13,151
55,14,150
55,15,149
55,16,149
55,17,149
55,18,149
55,19,149
55,20,149
55,21,150
55,22,151
55,23,151
55,24,151
55,25,151
55,26,151
55,27,150
55,28,149
55,29,148
55,30,146
55,31,144
55,32,142
55,33,140
55,34,138
55,35,136
55,36,135
55,37,133
55,38,131
55,39,129
55,40,127
55,41,124
55,42,121
55,43,119
55,44,117
55,45,115
55,46,114
55,47,112
55,48,111
55,49,109
55,50,108
55,51,106
55,52,105
55,53,103
55,54,102
55,55,100
55,56,99
55,57,98
55,58,96
55,59,95
55,60,93
55,61,92
55,62,92
55,63,92
55,64,92
55,65,92
55,66,92
55,67,92
55,68,91
55,69,90
55,70,90
55,71,89
55,72,89
55,73,89
55,74,89
55,75,89
55,76,89
55,77,88
55,78,87
55,79,86
55,80,84
55,81,82
55,82,81
55,83,79
55,84,77
55,85,75
55,86,74
55,87,73
55,88,72
55,89,71
55,90,70
55,91,70
55,92,70
55,93,71
55,94,72
55,95,73
55,96,75
55,97,76
55,98,78
55,99,80
56,0,147
56,1,147
56,2,148
56,3,148
56,4,149
56,5,149
56,6,151
56,7,152
56,8,153
56,9,154
56,10,154
56,11,154
56,12,153
56,13,152
56,14,151
56,15,151
56,16,150
56,17,150
56,18,150
56,19,150
56,20,150
56,21,151
56,22,151
56,23,151
56,24,151
56,25,151
56,26,151
56,27,150
56,28,149
56,29,148
56,30,146
56,31,144
56,32,143
56,33,141
56,34,139
56,35,137
56,36,135
56,37,134
56,38,132
56,39,130
56,40,127
56,41,125
56,42,122
56,43,120
56,44,118
56,45,116
56,46,115
56,47,113
56,48,112
56,49,110
56,50,108
56,51,107
56,52,105
56,53,103
56,54,102
56,55,101
56,56,99
56,57,98
56,58,97
56,59,95
56,60,94
56,61,92
56,62,92
56,63,91
56,64,92
56,65,92
56,66,92
56,67,92
56,68,92
56,69,91
56,70,90
56,71,90
56,72,90
56,73,90
56,74,90
56,75,90
56,76,90
56,77,89
56,78,88
56,79,87
56,80,85
56,81,84
56,82,82
56,83,80
56,84,78
56,85,76
56,86,74
56,87,73
56,88,72
56,89,72
56,90,71
56,91,71
56,92,71
56,93,72
56,94,72
56,95,74
56,96,75
56,97,77
56,98,79
56,99,81
57,0,148
57,1,148
57,2,148
57,3,148
57,4,149
57,5,150
57,6,151
57,7,153
57,8,154
57,9,155
57,10,155
57,11,155
57,12,154
57,13,153
57,14,152
57,15,152
57,16,151
57,17,151
57,18,151
57,19,151
57,20,151
57,21,151
57,22,151
57,23,151
57,24,151
57,25,151
57,26,150
57,27,149
57,28,149
57,29,147
57,30,146
57,31,145
57,32,143
57,33,141
57,34,139
57,35,137
57,36,136
57,37,134
57,38,132
57,39,130
57,40,128
57,41,125
57,42,123
57,43,120
57,44,118
57,45,117
57,46,115
57,47,114
57,48,112
57,49,111
57,50,109
57,51,107
57,52,105
57,53,104
57,54,102
57,55,101
57,56,100
57,57,99
57,58,97
57,59,95
57,60,94
57,61,93
57,62,92
57,63,92
57,64,92
57,65,93
57,66,93
57,67,93
57,68,92
57,69,92
57,70,91
57,71,91
57,72,91
57,73,91
57,74,91
57,75,91
57,76,91
57,77,90
57,78,89
57,79,88
57,80,87
57,81,85
57,82,83
57,83,81
57,84,78
57,85,76
57,86,75
57,87,74
57,88,73
57,89,72
57,90,72
57,91,72
57,92,72
57,93,72
57,94,73
57,95,74
57,96,76
57,97,77
57,98,79
57,99,81
58,0,148
58,1,148
58,2,148
58,3,148
58,4,149
58,5,150
58,6,152
58,7,153
58,8,154
58,9,155
58,10,155
58,11,155
58,12,154
58,13,154
58,14,153
58,15,152
58,16,152
58,17,152
58,18,152
58,19,152
58,20,151
58,21,151
58,22,151
58,23,151
58,24,151
58,25,150
58,26,150
58,27,149
58,28,148
58,29,147
58,30,146
58,31,144
58,32,143
58,33,141
58,34,139
58,35,138
58,36,136
58,37,135
58,38,133
58,39,131
58,40,129
58,41,126
58,42,124
58,43,121
58,44,119
58,45,118
58,46,116
58,47,115
58,48,113
58,49,112
58,50,110
58,51,108
58,52,106
58,53,105
58,54,103
58,55,102
58,56,101
58,57,99
58,58,98
58,59,96
58,60,95
58,61,93
58,62,93
58,63,93
58,64,93
58,65,93
58,66,94
58,67,94
58,68,93
58,69,93
58,70,92
58,71,92
58,72,92
58,73,92
58,74,93
58,75,93
58,76,92
58,77,92
58,78,91
58,79,89
58,80,88
58,81,86
58,82,84
58,83,82
58,84,79
58,85,77
58,86,76
58,87,75
58,88,74
58,89,73
58,90,73
58,91,73
58,92,73
58,93,73
58,94,74
58,95,75
58,96,76
58,97,78
58,98,80
58,99,82
59,0,147
59,1,147
59,2,148
59,3,148
59,4,149
59,5,150
59,6,152
59,7,153
59,8,155
59,9,155
59,10,156
59,11,155
59,12,155
59,13,154
59,14,154
59,15,153
59,16,153
59,17,152
59,18,152
59,19,152
59,20,152
59,21,151
59,22,151
59,23,151
59,24,150
59,25,150
59,26,149
59,27,148
59,28,147
59,29,146
59,30,145
59,31,144
59,32,142
59,33,141
59,34,139
59,35,138
59,36,136
59,37,135
59,38,133
59,39,131
59,40,129
59,41,127
59,42,124
59,43,122
59,44,120
59,45,119
59,46,117
59,47,116
59,48,114
59,49,112
59,50,111
59,51,109
59,52,108
59,53,106
59,54,104
59,55,103
59,56,101
59,57,100
59,58,99
59,59,97
59,60,96
59,61,95
59,62,94
59,63,94
59,64,94
59,65,94
59,66,94
59,67,94
59,68,94
59,69,93
59,70,93
59,71,93
59,72,93
59,73,93
59,74,94
59,75,94
59,76,94
59,77,93
59,78,92
59,79,90
59,80,89
59,81,87
59,82,85
59,83,82
59,84,80
59,85,78
59,86,77
59,87,75
59,88,74
59,89,74
59,90,73
59,91,73
59,92,74
59,93,74
59,94,75
59,95,76
59,96,77
59,97,79
59,98,80
59,99,82
60,0,146
60,1,146
60,2,147
60,3,148
60,4,149
60,5,150
60,6,152
60,7,153
60,8,154
60,9,155
60,10,155
60,11,155
60,12,155
60,13,154
60,14,154
60,15,154
60,16,153
60,17,153
60,18,152
60,19,152
60,20,151
60,21,151
60,22,151
60,23,151
60,24,150
60,25,149
60,26,149
60,27,148
60,28,147
60,29,146
60,30,145
60,31,143
60,32,142
60,33,140
60,34,139
60,35,137
60,36,136
60,37,135
60,38,134
60,39,132
60,40,130
60,41,128
60,42,125
60,43,123
60,44,121
60,45,120
60,46,118
60,47,117
60,48,115
60,49,114
60,50,112
60,51,111
60,52,109
60,53,108
60,54,106
60,55,104
60,56,103
60,57,101
60,58,100
60,59,98
60,60,97
60,61,96
60,62,96
60,63,95
60,64,95
60,65,95
60,66,95
60,67,95
60,68,94
60,69,94
60,70,94
60,71,94
60,72,94
60,73,94
60,74,95
60,75,95
60,76,95
60,77,94
60,78,93
60,79,91
60,80,90
60,81,88
60,82,86
60,83,83
60,84,81
60,85,79
60,86,78
60,87,76
60,88,75
60,89,74
60,90,74
60,91,74
60,92,74
60,93,75
60,94,75
60,95,76
60,96,78
60,97,79
60,98,81
60,99,83
61,0,145
61,1,146
61,2,146
61,3,148
61,4,149
61,5,150
61,6,151
61,7,153
61,8,154
61,9,154
61,10,155
61,11,155
61,12,154
61,13,154
61,14,154
61,15,154
61,16,153
61,17,152
61,18,152
61,19,151
61,20,151
61,21,151
61,22,151
61,23,150
61,24,150
61,25,149
61,26,148
61,27,147
61,28,146
61,29,145
61,30,144
61,31,143
61,32,142
61,33,140
61,34,139
61,35,137
61,36,136
61,37,135
61,38,134
61,39,132
61,40,130
61,41,128
61,42,126
61,43,124
61,44,123
61,45,121
61,46,119
61,47,118
61,48,116
61,49,115
61,50,114
61,51,113
61,52,111
61,53,110
61,54,108
61,55,106
61,56,104
61,57,102
61,58,101
61,59,100
61,60,99
61,61,98
61,62,98
61,63,97
61,64,97
61,65,96
61,66,96
61,67,96
61,68,95
61,69,95
61,70,95
61,71,95
61,72,95
61,73,95
61,74,96
61,75,96
61,76,96
61,77,95
61,78,94
61,79,92
61,80,91
61,81,89
61,82,86
61,83,84
61,84,82
61,85,80
61,86,78
61,87,77
61,88,76
61,89,75
61,90,74
61,91,74
61,92,74
61,93,75
61,94,76
61,95,77
61,96,78
61,97,79
61,98,81
61,99,83
62,0,145
62,1,145
62,2,146
62,3,147
62,4,148
62,5,149
62,6,150
62,7,151
62,8,152
62,9,153
62,10,153
62,11,153
62,12,153
62,13,153
62,14,153
62,15,153
62,16,153
62,17,152
62,18,151
62,19,151
62,20,151
62,21,150
62,22,150
62,23,150
62,24,149
62,25,148
62,26,148
62,27,147
62,28,146
62,29,145
62,30,144
62,31,143
62,32,141
62,33,140
62,34,138
62,35,137
62,36,136
62,37,135
62,38,134
62,39,133
62,40,131
62,41,129
62,42,127
62,43,126
62,44,124
62,45,122
62,46,121
62,47,119
62,48,118
62,49,116
62,50,115
62,51,114
62,52,113
62,53,111
62,54,110
62,55,108
62,56,106
62,57,104
62,58,103
62,59,102
62,60,101
62,61,100
62,62,100
62,63,99
62,64,98
62,65,98
62,66,97
62,67,97
62,68,97
62,69,97
62,70,96
62,71,96
62,72,96
62,73,97
62,74,97
62,75,97
62,76,97
62,77,96
62,78,94
62,79,93
62,80,91
62,81,89
62,82,87
62,83,85
62,84,83
62,85,81
62,86,79
62,87,78
62,88,76
62,89,75
62,90,75
62,91,74
62,92,74
62,93,75
62,94,75
62,95,76
62,96,78
62,97,79
62,98,80
62,99,82
63,0,144
63,1,145
63,2,145
63,3,146
63,4,147
63,5,148
63,6,149
63,7,150
63,8,150
63,9,151
63,10,152
63,11,152
63,12,152
63,13,152
63,14,152
63,15,152
63,16,152
63,17,151
63,18,151
63,19,150
63,20,150
63,21,150
63,22,149
63,23,149
63,24,148
63,25,148
63,26,147
63,27,146
63,28,145
63,29,144
63,30,143
63,31,142
63,32,141
63,33,140
63,34,138
63,35,137
63,36,136
63,37,136
63,38,135
63,39,133
63,40,132
63,41,130
63,42,129
63,43,127
63,44,125
63,45,124
63,46,122
63,47,121
63,48,120
63,49,118
63,50,117
63,51,116
63,52,115
63,53,113
63,54,112
63,55,110
63,56,108
63,57,107
63,58,105
63,59,104
63,60,103
63,61,103
63,62,102
63,63,101
63,64,101
63,65,100
63,66,100
63,67,99
63,68,99
63,69,99
63,70,98
63,71,98
63,72,98
63,73,98
63,74,98
63,75,97
63,76,97
63,77,96
63,78,94
63,79,93
63,80,91
63,81,90
63,82,88
63,83,85
63,84,83
63,85,82
63,86,80
63,87,78
63,88,77
63,89,76
63,90,75
63,91,74
63,92,74
63,93,74
63,94,75
63,95,76
63,96,77
63,97,78
63,98,80
63,99,81
64,0,144
64,1,144
64,2,144
64,3,145
64,4,145
64,5,146
64,6,147
64,7,147
64,8,148
64,9,149
64,10,150
64,11,150
64,12,150
64,13,150
64,14,150
64,15,150
64,16,150
64,17,150
64,18,150
64,19,149
64,20,149
64,21,149
64,22,148
64,23,148
64,24,147
64,25,147
64,26,146
64,27,145
64,28,145
64,29,144
64,30,143
64,31,142
64,32,141
64,33,140
64,34,139
64,35,137
64,36,137
64,37,136
64,38,135
64,39,134
64,40,133
64,41,132
64,42,130
64,43,129
64,44,127
64,45,126
64,46,125
64,47,123
64,48,122
64,49,121
64,50,119
64,51,118
64,52,117
64,53,115
64,54,114
64,55,112
64,56,111
64,57,110
64,58,108
64,59,107
64,60,106
64,61,105
64,62,105
64,63,104
64,64,103
64,65,103
64,66,103
64,67,102
64,68,102
64,69,101
64,70,101
64,71,100
64,72,100
64,73,99
64,74,99
64,75,98
64,76,97
64,77,95
64,78,94
64,79,93
64,80,91
64,81,90
64,82,88
64,83,86
64,84,84
64,85,82
64,86,80
64,87,79
64,88,77
64,89,76
64,90,75
64,91,74
64,92,73
64,93,73
64,94,74
64,95,75
64,96,76
64,97,77
64,98,79
64,99,80
65,0,143
65,1,143
65,2,143
65,3,143
65,4,144
65,5,144
65,6,144
65,7,145
65,8,146
65,9,147
65,10,147
65,11,148
65,12,148
65,13,148
65,14,148
65,15,149
65,16,149
65,17,149
65,18,148
65,19,148
65,20,148
65,21,147
65,22,147
65,23,146
65,24,146
65,25,146
65,26,145
65,27,145
65,28,144
65,29,144
65,30,143
65,31,142
65,32,141
65,33,140
65,34,139
65,35,138
65,36,137
65,37,136
65,38,135
65,39,134
65,40,134
65,41,133
65,42,132
65,43,131
65,44,129
65,45,128
65,46,127
65,47,126
65,48,125
65,49,123
65,50,122
65,51,120
65,52,119
65,53,118
65,54,117
65,55,115
65,56,114
65,57,113
65,58,112
65,59,111
65,60,109
65,61,108
65,62,108
65,63,107
65,64,107
65,65,106
65,66,106
65,67,105
65,68,105
65,69,104
65,70,104
65,71,103
65,72,102
65,73,101
65,74,99
65,75,98
65,76,96
65,77,95
65,78,94
65,79,93
65,80,91
65,81,90
65,82,88
65,83,86
65,84,84
65,85,83
65,86,81
65,87,79
65,88,77
65,89,76
65,90,74
65,91,73
65,92,73
65,93,72
65,94,73
65,95,73
65,96,74
65,97,76
65,98,77
65,99,79
66,0,142
66,1,142
66,2,142
66,3,142
66,4,142
66,5,142
66,6,142
66,7,143
66,8,143
66,9,144
66,10,145
66,11,145
66,12,146
66,13,146
66,14,146
66,15,147
66,16,147
66,17,147
66,18,147
66,19,147
66,20,147
66,21,146
66,22,146
66,23,145
66,24,145
66,25,144
66,26,144
66,27,144
66,28,144
66,29,143
66,30,143
66,31,142
66,32,141
66,33,140
66,34,139
66,35,138
66,36,137
66,37,136
66,38,136
66,39,135
66,40,135
66,41,134
66,42,134
66,43,133
66,44,132
66,45,131
66,46,130
66,47,129
66,48,127
66,49,126
66,50,124
66,51,123
66,52,122
66,53,121
66,54,119
66,55,119
66,56,118
66,57,117
66,58,115
66,59,114
66,60,113
66,61,112
66,62,111
66,63,110
66,64,110
66,65,109
66,66,109
66,67,109
66,68,108
66,69,107
66,70,106
66,71,105
66,72,104
66,73,102
66,74,100
66,75,98
66,76,96
66,77,95
66,78,94
66,79,93
66,80,91
66,81,90
66,82,88
66,83,87
66,84,85
66,85,83
66,86,82
66,87,80
66,88,78
66,89,76
66,90,74
66,91,73
66,92,72
66,93,72
66,94,72
66,95,72
66,96,73
66,97,75
66,98,76
66,99,78
67,0,141
67,1,141
67,2,140
67,3,140
67,4,140
67,5,140
67,6,140
67,7,140
67,8,141
67,9,142
67,10,143
67,11,143
67,12,143
67,13,144
67,14,144
67,15,145
67,16,145
67,17,146
67,18,146
67,19,146
67,20,145
67,21,145
67,22,145
67,23,144
67,24,144
67,25,144
67,26,144
67,27,144
67,28,143
67,29,143
67,30,142
67,31,142
67,32,141
67,33,140
67,34,139
67,35,138
67,36,137
67,37,137
67,38,136
67,39,136
67,40,136
67,41,136
67,42,136
67,43,135
67,44,134
67,45,133
67,46,132
67,47,131
67,48,130
67,49,129
67,50,127
67,51,126
67,52,125
67,53,124
67,54,123
67,55,122
67,56,121
67,57,120
67,58,119
67,59,118
67,60,116
67,61,115
67,62,114
67,63,114
67,64,113
67,65,113
67,66,112
67,67,111
67,68,111
67,69,110
67,70,109
67,71,107
67,72,106
67,73,104
67,74,101
67,75,99
67,76,97
67,77,95
67,78,94
67,79,93
67,80,92
67,81,90
67,82,89
67,83,87
67,84,86
67,85,84
67,86,82
67,87,80
67,88,78
67,89,76
67,90,74
67,91,73
67,92,72
67,93,71
67,94,71
67,95,71
67,96,72
67,97,74
67,98,75
67,99,77
68,0,139
68,1,139
68,2,139
68,3,138
68,4,138
68,5,138
68,6,138
68,7,138
68,8,139
68,9,139
68,10,140
68,11,141
68,12,141
68,13,142
68,14,143
68,15,143
68,16,144
68,17,144
68,18,144
68,19,144
68,20,144
68,21,144
68,22,144
68,23,143
68,24,143
68,25,143
68,26,143
68,27,143
68,28,143
68,29,143
68,30,142
68,31,141
68,32,140
68,33,140
68,34,139
68,35,138
68,36,138
68,37,138
68,38,138
68,39,138
68,40,138
68,41,138
68,42,138
68,43,137
68,44,136
68,45,135
68,46,135
68,47,134
68,48,132
68,49,131
68,50,130
68,51,129
68,52,128
68,53,127
68,54,126
68,55,125
68,56,124
68,57,123
68,58,122
68,59,121
68,60,120
68,61,118
68,62,117
68,63,117
68,64,116
68,65,116
68,66,115
68,67,114
68,68,113
68,69,112
68,70,111
68,71,109
68,72,107
68,73,105
68,74,102
68,75,100
68,76,98
68,77,96
68,78,95
68,79,93
68,80,92
68,81,91
68,82,89
68,83,88
68,84,86
68,85,85
68,86,83
68,87,81
68,88,79
68,89,76
68,90,75
68,91,73
68,92,72
68,93,71
68,94,71
68,95,71
68,96,72
68,97,73
68,98,75
68,99,76
69,0,137
69,1,137
69,2,137
69,3,136
69,4,136
69,5,136
69,6,136
69,7,136
69,8,136
69,9,137
69,10,138
69,11,139
69,12,140
69,13,140
69,14,141
69,15,142
69,16,142
69,17,142
69,18,142
69,19,142
69,20,143
69,21,143
69,22,143
69,23,143
69,24,143
69,25,143
69,26,143
69,27,143
69,28,143
69,29,143
69,30,142
69,31,141
69,32,140
69,33,139
69,34,139
69,35,139
69,36,139
69,37,139
69,38,139
69,39,139
69,40,140
69,41,140
69,42,139
69,43,139
69,44,138
69,45,138
69,46,137
69,47,136
69,48,135
69,49,134
69,50,133
69,51,132
69,52,131
69,53,130
69,54,129
69,55,128
69,56,127
69,57,126
69,58,125
69,59,124
69,60,122
69,61,121
69,62,120
69,63,120
69,64,119
69,65,118
69,66,118
69,67,117
69,68,115
69,69,114
69,70,113
69,71,111
69,72,109
69,73,106
69,74,104
69,75,101
69,76,99
69,77,97
69,78,95
69,79,94
69,80,93
69,81,91
69,82,90
69,83,88
69,84,87
69,85,85
69,86,83
69,87,81
69,88,79
69,89,77
69,90,75
69,91,74
69,92,72
69,93,71
69,94,71
69,95,71
69,96,71
69,97,73
69,98,74
69,99,76
70,0,135
70,1,135
70,2,135
70,3,134
70,4,134
70,5,134
70,6,133
70,7,134
70,8,134
70,9,135
70,10,136
70,11,137
70,12,138
70,13,139
70,14,140
70,15,140
70,16,141
70,17,141
70,18,141
70,19,141
70,20,141
70,21,142
70,22,142
70,23,142
70,24,143
70,25,143
70,26,143
70,27,143
70,28,143
70,29,143
70,30,142
70,31,141
70,32,140
70,33,139
70,34,139
70,35,139
70,36,139
70,37,140
70,38,140
70,39,141
70,40,141
70,41,141
70,42,141
70,43,141
70,44,140
70,45,140
70,46,139
70,47,138
70,48,137
70,49,136
70,50,136
70,51,135
70,52,134
70,53,133
70,54,132
70,55,131
70,56,130
70,57,129
70,58,128
70,59,127
70,60,126
70,61,124
70,62,123
70,63,123
70,64,122
70,65,121
70,66,120
70,67,119
70,68,118
70,69,116
70,70,115
70,71,113
70,72,110
70,73,108
70,74,105
70,75,102
70,76,100
70,77,98
70,78,96
70,79,95
70,80,93
70,81,92
70,82,90
70,83,89
70,84,87
70,85,86
70,86,84
70,87,82
70,88,80
70,89,78
70,90,76
70,91,74
70,92,73
70,93,71
70,94,71
70,95,71
70,96,71
70,97,73
70,98,74
70,99,76
71,0,133
71,1,133
71,2,133
71,3,132
71,4,132
71,5,132
71,6,131
71,7,131
71,8,132
71,9,133
71,10,133
71,11,134
71,12,136
71,13,137
71,14,138
71,15,139
71,16,139
71,17,139
71,18,139
71,19,139
71,20,140
71,21,140
71,22,141
71,23,142
71,24,142
71,25,142
71,26,143
71,27,143
71,28,143
71,29,143
71,30,142
71,31,141
71,32,140
71,33,139
71,34,139
71,35,139
71,36,140
71,37,141
71,38,142
71,39,142
71,40,142
71,41,142
71,42,142
71,43,142
71,44,142
71,45,141
71,46,141
71,47,140
71,48,140
71,49,139
71,50,139
71,51,138
71,52,138
71,53,137
71,54,136
71,55,135
71,56,133
71,57,132
71,58,131
71,59,130
71,60,129
71,61,128
71,62,127
71,63,126
71,64,125
71,65,124
71,66,123
71,67,122
71,68,120
71,69,119
71,70,117
71,71,114
71,72,112
71,73,109
71,74,106
71,75,104
71,76,101
71,77,99
71,78,97
71,79,96
71,80,94
71,81,92
71,82,91
71,83,89
71,84,88
71,85,86
71,86,84
71,87,82
71,88,80
71,89,78
71,90,76
71,91,75
71,92,73
71,93,72
71,94,71
71,95,71
71,96,71
71,97,73
71,98,74
71,99,76
72,0,131
72,1,131
72,2,131
72,3,130
72,4,130
72,5,129
72,6,129
72,7,129
72,8,130
72,9,130
72,10,131
72,11,132
72,12,134
72,13,135
72,14,136
72,15,137
72,16,137
72,17,137
72,18,137
72,19,138
72,20,138
72,21,139
72,22,140
72,23,141
72,24,142
72,25,142
72,26,142
72,27,143
72,28,143
72,29,143
72,30,142
72,31,141
72,32,140
72,33,139
72,34,139
72,35,140
72,36,141
72,37,142
72,38,142
72,39,143
72,40,143
72,41,143
72,42,144
72,43,144
72,44,143
72,45,143
72,46,143
72,47,143
72,48,143
72,49,142
72,50,142
72,51,142
72,52,141
72,53,140
72,54,139
72,55,138
72,56,137
72,57,136
72,58,135
72,59,134
72,60,133
72,61,131
72,62,130
72,63,129
72,64,128
72,65,127
72,66,126
72,67,124
72,68,123
72,69,121
72,70,119
72,71,117
72,72,114
72,73,111
72,74,108
72,75,105
72,76,102
72,77,100
72,78,99
72,79,97
72,80,95
72,81,93
72,82,92
72,83,90
72,84,88
72,85,87
72,86,85
72,87,83
72,88,81
72,89,79
72,90,77
72,91,75
72,92,73
72,93,72
72,94,71
72,95,71
72,96,71
72,97,73
72,98,74
72,99,76
73,0,129
73,1,129
73,2,129
73,3,128
73,4,128
73,5,127
73,6,127
73,7,127
73,8,128
73,9,128
73,10,129
73,11,130
73,12,132
73,13,133
73,14,134
73,15,135
73,16,135
73,17,136
73,18,136
73,19,136
73,20,137
73,21,138
73,22,139
73,23,140
73,24,141
73,25,141
73,26,142
73,27,142
73,28,142
73,29,142
73,30,141
73,31,141
73,32,140
73,33,140
73,34,140
73,35,140
73,36,141
73,37,142
73,38,143
73,39,144
73,40,144
73,41,144
73,42,145
73,43,145
73,44,145
73,45,145
73,46,145
73,47,145
73,48,145
73,49,145
73,50,145
73,51,145
73,52,145
73,53,144
73,54,143
73,55,142
73,56,141
73,57,140
73,58,139
73,59,138
73,60,136
73,61,135
73,62,134
73,63,133
73,64,132
73,65,130
73,66,129
73,67,127
73,68,125
73,69,123
73,70,121
73,71,119
73,72,116
73,73,113
73,74,110
73,75,107
73,76,104
73,77,102
73,78,100
73,79,98
73,80,96
73,81,94
73,82,92
73,83,91
73,84,89
73,85,87
73,86,85
73,87,83
73,88,81
73,89,79
73,90,77
73,91,75
73,92,74
73,93,72
73,94,71
73,95,71
73,96,72
73,97,73
73,98,74
73,99,76
74,0,128
74,1,128
74,2,127
74,3,126
74,4,125
74,5,125
74,6,125
74,7,125
74,8,126
74,9,127
74,10,128
74,11,129
74,12,130
74,13,131
74,14,132
74,15,133
74,16,134
74,17,134
74,18,134
74,19,135
74,20,136
74,21,137
74,22,138
74,23,139
74,24,140
74,25,141
74,26,141
74,27,141
74,28,141
74,29,141
74,30,141
74,31,140
74,32,140
74,33,140
74,34,140
74,35,141
74,36,142
74,37,143
74,38,144
74,39,144
74,40,145
74,41,145
74,42,146
74,43,146
74,44,147
74,45,147
74,46,147
74,47,148
74,48,148
74,49,148
74,50,148
74,51,148
74,52,148
74,53,148
74,54,147
74,55,146
74,56,145
74,57,144
74,58,143
74,59,142
74,60,140
74,61,139
74,62,138
74,63,137
74,64,135
74,65,133
74,66,132
74,67,130
74,68,128
74,69,126
74,70,124
74,71,121
74,72,118
74,73,115
74,74,111
74,75,108
74,76,105
74,77,103
74,78,101
74,79,99
74,80,97
74,81,95
74,82,93
74,83,91
74,84,90
74,85,88
74,86,86
74,87,83
74,88,81
74,89,79
74,90,77
74,91,76
74,92,74
74,93,73
74,94,72
74,95,72
74,96,72
74,97,73
74,98,74
74,99,76
75,0,127
75,1,126
75,2,126
75,3,125
75,4,124
75,5,123
75,6,123
75,7,123
75,8,124
75,9,125
75,10,126
75,11,127
75,12,128
75,13,129
75,14,130
75,15,131
75,16,132
75,17,133
75,18,133
75,19,134
75,20,135
75,21,136
75,22,137
75,23,138
75,24,139
75,25,140
75,26,140
75,27,141
75,28,141
75,29,141
75,30,140
75,31,140
75,32,140
75,33,140
75,34,141
75,35,141
75,36,142
75,37,143
75,38,144
75,39,145
75,40,146
75,41,147
75,42,147
75,43,148
75,44,148
75,45,149
75,46,149
75,47,150
75,48,150
75,49,151
75,50,151
75,51,152
75,52,151
75,53,151
75,54,150
75,55,150
75,56,149
75,57,148
75,58,147
75,59,145
75,60,144
75,61,143
75,62,141
75,63,140
75,64,138
75,65,136
75,66,134
75,67,132
75,68,130
75,69,128
75,70,126
75,71,123
75,72,120
75,73,117
75,74,113
75,75,110
75,76,107
75,77,105
75,78,102
75,79,100
75,80,98
75,81,96
75,82,94
75,83,92
75,84,90
75,85,88
75,86,86
75,87,84
75,88,82
75,89,79
75,90,78
75,91,76
75,92,74
75,93,73
75,94,72
75,95,72
75,96,72
75,97,73
75,98,74
75,99,75
76,0,126
76,1,125
76,2,124
76,3,123
76,4,122
76,5,121
76,6,121
76,7,122
76,8,123
76,9,124
76,10,125
76,11,126
76,12,127
76,13,128
76,14,129
76,15,130
76,16,131
76,17,131
76,18,132
76,19,133
76,20,134
76,21,135
76,22,136
76,23,138
76,24,139
76,25,139
76,26,140
76,27,140
76,28,140
76,29,140
76,30,140
76,31,140
76,32,140
76,33,141
76,34,141
76,35,142
76,36,143
76,37,144
76,38,145
76,39,146
76,40,147
76,41,148
76,42,148
76,43,149
76,44,150
76,45,151
76,46,151
76,47,152
76,48,153
76,49,154
76,50,154
76,51,154
76,52,154
76,53,154
76,54,153
76,55,153
76,56,152
76,57,151
76,58,150
76,59,149
76,60,147
76,61,146
76,62,144
76,63,143
76,64,141
76,65,139
76,66,136
76,67,134
76,68,132
76,69,130
76,70,128
76,71,125
76,72,122
76,73,118
76,74,115
76,75,111
76,76,108
76,77,106
76,78,104
76,79,101
76,80,99
76,81,97
76,82,95
76,83,93
76,84,91
76,85,89
76,86,86
76,87,84
76,88,82
76,89,80
76,90,78
76,91,76
76,92,75
76,93,73
76,94,73
76,95,72
76,96,73
76,97,73
76,98,74
76,99,75
77,0,124
77,1,124
77,2,123
77,3,122
77,4,121
77,5,120
77,6,120
77,7,121
77,8,122
77,9,123
77,10,124
77,11,125
77,12,126
77,13,127
77,14,128
77,15,129
77,16,130
77,17,131
77,18,131
77,19,132
77,20,134
77,21,135
77,22,136
77,23,137
77,24,138
77,25,139
77,26,140
77,27,140
77,28,140
77,29,140
77,30,140
77,31,140
77,32,140
77,33,141
77,34,141
77,35,142
77,36,143
77,37,145
77,38,145
77,39,146
77,40,147
77,41,149
77,42,150
77,43,151
77,44,151
77,45,152
77,46,153
77,47,154
77,48,155
77,49,156
77,50,157
77,51,157
77,52,157
77,53,156
77,54,156
77,55,156
77,56,155
77,57,154
77,58,152
77,59,151
77,60,149
77,61,148
77,62,147
77,63,145
77,64,143
77,65,141
77,66,139
77,67,136
77,68,134
77,69,132
77,70,129
77,71,127
77,72,123
77,73,120
77,74,116
77,75,113
77,76,110
77,77,107
77,78,105
77,79,103
77,80,100
77,81,98
77,82,96
77,83,94
77,84,92
77,85,89
77,86,87
77,87,85
77,88,83
77,89,80
77,90,78
77,91,77
77,92,75
77,93,74
77,94,73
77,95,72
77,96,73
77,97,73
77,98,74
77,99,75
78,0,123
78,1,123
78,2,122
78,3,121
78,4,120
78,5,120
78,6,120
78,7,120
78,8,121
78,9,122
78,10,123
78,11,124
78,12,125
78,13,126
78,14,127
78,15,128
78,16,129
78,17,130
78,18,131
78,19,132
78,20,133
78,21,134
78,22,136
78,23,137
78,24,138
78,25,139
78,26,139
78,27,140
78,28,140
78,29,140
78,30,141
78,31,141
78,32,141
78,33,141
78,34,142
78,35,143
78,36,144
78,37,145
78,38,146
78,39,147
78,40,149
78,41,150
78,42,151
78,43,152
78,44,153
78,45,154
78,46,155
78,47,156
78,48,158
78,49,159
78,50,159
78,51,159
78,52,159
78,53,159
78,54,158
78,55,158
78,56,157
78,57,156
78,58,154
78,59,153
78,60,151
78,61,150
78,62,148
78,63,147
78,64,145
78,65,143
78,66,140
78,67,138
78,68,136
78,69,134
78,70,131
78,71,128
78,72,125
78,73,121
78,74,118
78,75,114
78,76,111
78,77,109
78,78,106
78,79,104
78,80,102
78,81,99
78,82,97
78,83,95
78,84,92
78,85,90
78,86,88
78,87,86
78,88,83
78,89,81
78,90,79
78,91,77
78,92,75
78,93,74
78,94,73
78,95,72
78,96,73
78,97,73
78,98,74
78,99,75
79,0,122
79,1,122
79,2,121
79,3,121
79,4,120
79,5,120
79,6,120
79,7,120
79,8,121
79,9,122
79,10,123
79,11,124
79,12,125
79,13,126
79,14,127
79,15,128
79,16,129
79,17,130
79,18,131
79,19,132
79,20,133
79,21,134
79,22,135
79,23,136
79,24,137
79,25,138
79,26,139
79,27,140
79,28,140
79,29,141
79,30,141
79,31,141
79,32,141
79,33,142
79,34,143
79,35,144
79,36,145
79,37,146
79,38,147
79,39,148
79,40,150
79,41,151
79,42,153
79,43,154
79,44,155
79,45,157
79,46,158
79,47,159
79,48,160
79,49,161
79,50,162
79,51,162
79,52,162
79,53,161
79,54,161
79,55,160
79,56,159
79,57,158
79,58,156
79,59,154
79,60,152
79,61,151
79,62,149
79,63,148
79,64,146
79,65,144
79,66,142
79,67,140
79,68,137
79,69,135
79,70,132
79,71,129
79,72,126
79,73,123
79,74,119
79,75,116
79,76,113
79,77,110
79,78,108
79,79,105
79,80,103
79,81,100
79,82,98
79,83,95
79,84,93
79,85,91
79,86,89
79,87,86
79,88,84
79,89,82
79,90,80
79,91,78
79,92,76
79,93,74
79,94,73
79,95,73
79,96,73
79,97,73
79,98,73
79,99,74
80,0,121
80,1,121
80,2,121
80,3,120
80,4,120
80,5,120
80,6,120
80,7,120
80,8,121
80,9,122
80,10,123
80,11,124
80,12,125
80,13,126
80,14,128
80,15,129
80,16,130
80,17,130
80,18,131
80,19,132
80,20,133
80,21,134
80,22,135
80,23,136
80,24,137
80,25,138
80,26,139
80,27,140
80,28,140
80,29,141
80,30,141
80,31,142
80,32,142
80,33,143
80,34,144
80,35,145
80,36,146
80,37,147
80,38,148
80,39,150
80,40,151
80,41,153
80,42,155
80,43,156
80,44,158
80,45,159
80,46,161
80,47,162
80,48,163
80,49,164
80,50,164
80,51,164
80,52,164
80,53,163
80,54,163
80,55,162
80,56,161
80,57,159
80,58,157
80,59,155
80,60,153
80,61,151
80,62,150
80,63,148
80,64,147
80,65,145
80,66,143
80,67,141
80,68,139
80,69,136
80,70,134
80,71,131
80,72,127
80,73,124
80,74,120
80,75,117
80,76,114
80,77,111
80,78,108
80,79,106
80,80,103
80,81,101
80,82,98
80,83,96
80,84,94
80,85,92
80,86,89
80,87,87
80,88,85
80,89,82
80,90,80
80,91,78
80,92,77
80,93,75
80,94,74
80,95,73
80,96,73
80,97,73
80,98,73
80,99,74
81,0,121
81,1,120
81,2,120
81,3,120
81,4,120
81,5,120
81,6,120
81,7,121
81,8,122
81,9,123
81,10,124
81,11,125
81,12,126
81,13,127
81,14,128
81,15,129
81,16,130
81,17,131
81,18,132
81,19,133
81,20,133
81,21,134
81,22,135
81,23,136
81,24,137
81,25,137
81,26,138
81,27,139
81,28,140
81,29,141
81,30,141
81,31,142
81,32,143
81,33,144
81,34,145
81,35,146
81,36,147
81,37,148
81,38,150
81,39,151
81,40,153
81,41,155
81,42,157
81,43,159
81,44,160
81,45,162
81,46,163
81,47,165
81,48,166
81,49,167
81,50,167
81,51,167
81,52,166
81,53,166
81,54,165
81,55,164
81,56,162
81,57,160
81,58,159
81,59,156
81,60,154
81,61,152
81,62,150
81,63,149
81,64,148
81,65,146
81,66,144
81,67,142
81,68,140
81,69,137
81,70,134
81,71,131
81,72,128
81,73,124
81,74,121
81,75,117
81,76,114
81,77,112
81,78,109
81,79,106
81,80,104
81,81,101
81,82,99
81,83,97
81,84,94
81,85,92
81,86,90
81,87,87
81,88,85
81,89,83
81,90,81
81,91,79
81,92,78
81,93,76
81,94,75
81,95,74
81,96,73
81,97,73
81,98,73
81,99,73
82,0,120
82,1,120
82,2,120
82,3,120
82,4,120
82,5,121
82,6,121
82,7,122
82,8,123
82,9,124
82,10,125
82,11,126
82,12,127
82,13,128
82,14,129
82,15,130
82,16,131
82,17,132
82,18,133
82,19,133
82,20,134
82,21,135
82,22,135
82,23,136
82,24,137
82,25,137
82,26,138
82,27,139
82,28,140
82,29,141
82,30,141
82,31,142
82,32,144
82,33,145
82,34,146
82,35,147
82,36,148
82,37,150
82,38,151
82,39,153
82,40,155
82,41,157
82,42,160
82,43,161
82,44,163
82,45,164
82,46,166
82,47,167
82,48,168
82,49,169
82,50,169
82,51,169
82,52,168
82,53,167
82,54,166
82,55,165
82,56,163
82,57,161
82,58,159
82,59,157
82,60,155
82,61,153
82,62,151
82,63,150
82,64,148
82,65,147
82,66,145
82,67,143
82,68,140
82,69,138
82,70,135
82,71,132
82,72,128
82,73,125
82,74,121
82,75,118
82,76,115
82,77,112
82,78,109
82,79,106
82,80,104
82,81,101
82,82,99
82,83,97
82,84,94
82,85,92
82,86,90
82,87,88
82,88,85
82,89,84
82,90,82
82,91,80
82,92,78
82,93,77
82,94,76
82,95,75
82,96,74
82,97,73
82,98,73
82,99,73
83,0,121
83,1,121
83,2,121
83,3,121
83,4,121
83,5,122
83,6,123
83,7,124
83,8,125
83,9,126
83,10,127
83,11,128
83,12,129
83,13,130
83,14,131
83,15,131
83,16,132
83,17,133
83,18,134
83,19,135
83,20,135
83,21,136
83,22,136
83,23,137
83,24,137
83,25,137
83,26,138
83,27,139
83,28,140
83,29,141
83,30,142
83,31,143
83,32,145
83,33,146
83,34,148
83,35,149
83,36,150
83,37,151
83,38,153
83,39,155
83,40,157
83,41,160
83,42,162
83,43,164
83,44,165
83,45,167
83,46,168
83,47,169
83,48,170
83,49,171
83,50,171
83,51,171
83,52,170
83,53,169
83,54,168
83,55,166
83,56,164
83,57,162
83,58,160
83,59,157
83,60,155
83,61,153
83,62,152
83,63,150
83,64,149
83,65,147
83,66,145
83,67,143
83,68,141
83,69,138
83,70,135
83,71,132
83,72,129
83,73,125
83,74,121
83,75,118
83,76,114
83,77,112
83,78,109
83,79,106
83,80,104
83,81,101
83,82,99
83,83,97
83,84,94
83,85,92
83,86,90
83,87,88
83,88,86
83,89,84
83,90,82
83,91,81
83,92,79
83,93,78
83,94,77
83,95,76
83,96,75
83,97,74
83,98,73
83,99,72
84,0,121
84,1,121
84,2,122
84,3,122
84,4,123
84,5,124
84,6,125
84,7,126
84,8,126
84,9,127
84,10,128
84,11,129
84,12,130
84,13,131
84,14,132
84,15,133
84,16,134
84,17,135
84,18,136
84,19,136
84,20,137
84,21,137
84,22,137
84,23,138
84,24,138
84,25,138
84,26,138
84,27,139
84,28,140
84,29,141
84,30,142
84,31,144
84,32,146
84,33,147
84,34,149
84,35,150
84,36,152
84,37,153
84,38,155
84,39,157
84,40,159
84,41,162
84,42,164
84,43,166
84,44,168
84,45,169
84,46,170
84,47,171
84,48,172
84,49,172
84,50,172
84,51,172
84,52,172
84,53,171
84,54,169
84,55,167
84,56,165
84,57,162
84,58,160
84,59,158
84,60,156
84,61,154
84,62,153
84,63,151
84,64,149
84,65,148
84,66,146
84,67,144
84,68,141
84,69,139
84,70,136
84,71,132
84,72,129
84,73,125
84,74,121
84,75,118
84,76,114
84,77,111
84,78,109
84,79,106
84,80,104
84,81,101
84,82,99
84,83,96
84,84,94
84,85,92
84,86,90
84,87,88
84,88,86
84,89,85
84,90,83
84,91,82
84,92,80
84,93,79
84,94,78
84,95,77
84,96,75
84,97,74
84,98,73
84,99,72
85,0,122
85,1,123
85,2,123
85,3,124
85,4,124
85,5,126
85,6,127
85,7,128
85,8,128
85,9,129
85,10,130
85,11,131
85,12,132
85,13,133
85,14,134
85,15,135
85,16,136
85,17,137
85,18,138
85,19,138
85,20,138
85,21,139
85,22,139
85,23,139
85,24,139
85,25,139
85,26,139
85,27,140
85,28,140
85,29,141
85,30,143
85,31,145
85,32,147
85,33,149
85,34,150
85,35,152
85,36,153
85,37,155
85,38,156
85,39,159
85,40,161
85,41,164
85,42,166
85,43,168
85,44,170
85,45,171
85,46,172
85,47,172
85,48,173
85,49,174
85,50,174
85,51,174
85,52,173
85,53,172
85,54,170
85,55,168
85,56,165
85,57,163
85,58,160
85,59,158
85,60,156
85,61,155
85,62,153
85,63,152
85,64,150
85,65,148
85,66,146
85,67,144
85,68,142
85,69,139
85,70,136
85,71,132
85,72,129
85,73,125
85,74,121
85,75,118
85,76,114
85,77,112
85,78,109
85,79,106
85,80,104
85,81,101
85,82,99
85,83,97
85,84,94
85,85,92
85,86,90
85,87,88
85,88,87
85,89,85
85,90,84
85,91,83
85,92,81
85,93,80
85,94,79
85,95,78
85,96,76
85,97,75
85,98,73
85,99,72
86,0,124
86,1,124
86,2,125
86,3,125
86,4,126
86,5,127
86,6,128
86,7,129
86,8,130
86,9,131
86,10,132
86,11,133
86,12,134
86,13,135
86,14,136
86,15,137
86,16,138
86,17,139
86,18,140
86,19,140
86,20,140
86,21,140
86,22,140
86,23,140
86,24,140
86,25,140
86,26,140
86,27,141
86,28,141
86,29,142
86,30,144
86,31,146
86,32,148
86,33,150
86,34,152
86,35,153
86,36,154
86,37,156
86,38,158
86,39,160
86,40,163
86,41,166
86,42,168
86,43,170
86,44,172
86,45,173
86,46,173
86,47,174
86,48,175
86,49,175
86,50,176
86,51,175
86,52,175
86,53,173
86,54,171
86,55,169
86,56,166
86,57,164
86,58,161
86,59,159
86,60,157
86,61,155
86,62,154
86,63,152
86,64,150
86,65,149
86,66,147
86,67,145
86,68,142
86,69,140
86,70,136
86,71,133
86,72,129
86,73,126
86,74,122
86,75,118
86,76,115
86,77,112
86,78,109
86,79,107
86,80,104
86,81,102
86,82,99
86,83,97
86,84,95
86,85,93
86,86,91
86,87,89
86,88,88
86,89,86
86,90,85
86,91,84
86,92,82
86,93,81
86,94,80
86,95,78
86,96,77
86,97,75
86,98,73
86,99,72
87,0,126
87,1,126
87,2,126
87,3,127
87,4,128
87,5,129
87,6,130
87,7,131
87,8,132
87,9,133
87,10,134
87,11,135
87,12,136
87,13,137
87,14,138
87,15,139
87,16,140
87,17,141
87,18,142
87,19,142
87,20,142
87,21,142
87,22,142
87,23,142
87,24,142
87,25,142
87,26,142
87,27,142
87,28,142
87,29,143
87,30,145
87,31,147
87,32,149
87,33,151
87,34,152
87,35,154
87,36,156
87,37,157
87,38,159
87,39,162
87,40,164
87,41,167
87,42,170
87,43,172
87,44,173
87,45,175
87,46,175
87,47,176
87,48,177
87,49,177
87,50,177
87,51,177
87,52,176
87,53,174
87,54,172
87,55,170
87,56,167
87,57,165
87,58,162
87,59,159
87,60,157
87,61,156
87,62,154
87,63,153
87,64,151
87,65,149
87,66,147
87,67,145
87,68,143
87,69,140
87,70,137
87,71,134
87,72,130
87,73,126
87,74,123
87,75,119
87,76,116
87,77,112
87,78,110
87,79,107
87,80,105
87,81,102
87,82,100
87,83,98
87,84,96
87,85,94
87,86,92
87,87,90
87,88,89
87,89,87
87,90,86
87,91,85
87,92,84
87,93,82
87,94,81
87,95,79
87,96,78
87,97,76
87,98,74
87,99,72
88,0,127
88,1,127
88,2,128
88,3,128
88,4,129
88,5,131
88,6,132
88,7,133
88,8,134
88,9,135
88,10,136
88,11,138
88,12,139
88,13,140
88,14,141
88,15,142
88,16,143
88,17,144
88,18,144
88,19,145
88,20,145
88,21,144
88,22,144
88,23,144
88,24,143
88,25,143
88,26,143
88,27,143
88,28,144
88,29,145
88,30,146
88,31,148
88,32,149
88,33,151
88,34,153
88,35,155
88,36,157
88,37,159
88,38,161
88,39,163
88,40,166
88,41,169
88,42,171
88,43,173
88,44,175
88,45,176
88,46,177
88,47,178
88,48,179
88,49,179
88,50,179
88,51,178
88,52,177
88,53,175
88,54,174
88,55,171
88,56,169
88,57,166
88,58,163
88,59,160
88,60,158
88,61,156
88,62,155
88,63,153
88,64,151
88,65,150
88,66,148
88,67,146
88,68,143
88,69,141
88,70,138
88,71,135
88,72,131
88,73,127
88,74,123
88,75,119
88,76,116
88,77,113
88,78,110
88,79,108
88,80,105
88,81,103
88,82,101
88,83,99
88,84,97
88,85,95
88,86,93
88,87,92
88,88,90
88,89,89
88,90,87
88,91,86
88,92,85
88,93,84
88,94,82
88,95,80
88,96,79
88,97,77
88,98,75
88,99,73
89,0,128
89,1,129
89,2,129
89,3,130
89,4,131
89,5,132
89,6,134
89,7,135
89,8,136
89,9,137
89,10,138
89,11,140
89,12,141
89,13,143
89,14,144
89,15,145
89,16,146
89,17,147
89,18,147
89,19,147
89,20,147
89,21,147
89,22,146
89,23,146
89,24,145
89,25,145
89,26,145
89,27,145
89,28,145
89,29,146
89,30,147
89,31,149
89,32,150
89,33,152
89,34,154
89,35,156
89,36,158
89,37,160
89,38,163
89,39,165
89,40,168
89,41,171
89,42,173
89,43,175
89,44,177
89,45,178
89,46,179
89,47,180
89,48,181
89,49,181
89,50,180
89,51,179
89,52,178
89,53,177
89,54,175
89,55,172
89,56,170
89,57,167
89,58,164
89,59,161
89,60,159
89,61,157
89,62,156
89,63,154
89,64,152
89,65,150
89,66,148
89,67,146
89,68,144
89,69,142
89,70,139
89,71,135
89,72,132
89,73,128
89,74,124
89,75,120
89,76,116
89,77,113
89,78,111
89,79,108
89,80,106
89,81,103
89,82,101
89,83,100
89,84,98
89,85,96
89,86,94
89,87,93
89,88,91
89,89,90
89,90,89
89,91,87
89,92,86
89,93,85
89,94,83
89,95,81
89,96,80
89,97,78
89,98,76
89,99,74
90,0,130
90,1,130
90,2,131
90,3,132
90,4,133
90,5,134
90,6,135
90,7,137
90,8,138
90,9,139
90,10,141
90,11,142
90,12,144
90,13,146
90,14,147
90,15,148
90,16,149
90,17,150
90,18,150
90,19,150
90,20,149
90,21,149
90,22,148
90,23,148
90,24,147
90,25,147
90,26,147
90,27,147
90,28,147
90,29,148
90,30,149
90,31,150
90,32,151
90,33,153
90,34,155
90,35,157
90,36,159
90,37,162
90,38,164
90,39,167
90,40,170
90,41,172
90,42,175
90,43,177
90,44,179
90,45,180
90,46,181
90,47,182
90,48,182
90,49,182
90,50,182
90,51,181
90,52,179
90,53,178
90,54,176
90,55,174
90,56,171
90,57,168
90,58,165
90,59,162
90,60,160
90,61,158
90,62,156
90,63,155
90,64,153
90,65,151
90,66,149
90,67,147
90,68,145
90,69,142
90,70,139
90,71,136
90,72,133
90,73,129
90,74,125
90,75,121
90,76,117
90,77,114
90,78,111
90,79,109
90,80,106
90,81,104
90,82,102
90,83,100
90,84,99
90,85,97
90,86,95
90,87,94
90,88,92
90,89,91
90,90,89
90,91,88
90,92,87
90,93,85
90,94,84
90,95,82
90,96,80
90,97,78
90,98,76
90,99,75
91,0,132
91,1,132
91,2,133
91,3,134
91,4,135
91,5,136
91,6,137
91,7,139
91,8,140
91,9,141
91,10,143
91,11,144
91,12,146
91,13,148
91,14,150
91,15,151
91,16,152
91,17,152
91,18,153
91,19,152
91,20,152
91,21,152
91,22,151
91,23,150
91,24,149
91,25,149
91,26,149
91,27,149
91,28,149
91,29,150
91,30,150
91,31,151
91,32,153
91,33,155
91,34,156
91,35,158
91,36,161
91,37,163
91,38,166
91,39,169
91,40,172
91,41,174
91,42,177
91,43,179
91,44,180
91,45,182
91,46,183
91,47,184
91,48,184
91,49,184
91,50,183
91,51,182
91,52,181
91,53,179
91,54,177
91,55,174
91,56,172
91,57,169
91,58,166
91,59,163
91,60,161
91,61,159
91,62,157
91,63,155
91,64,153
91,65,151
91,66,149
91,67,147
91,68,145
91,69,143
91,70,140
91,71,137
91,72,133
91,73,129
91,74,125
91,75,121
91,76,117
91,77,114
91,78,112
91,79,109
91,80,107
91,81,104
91,82,102
91,83,101
91,84,99
91,85,98
91,86,96
91,87,94
91,88,93
91,89,91
91,90,90
91,91,89
91,92,87
91,93,86
91,94,84
91,95,82
91,96,80
91,97,79
91,98,77
91,99,75
92,0,134
92,1,135
92,2,135
92,3,136
92,4,137
92,5,138
92,6,140
92,7,141
92,8,142
92,9,144
92,10,145
92,11,147
92,12,149
92,13,150
92,14,152
92,15,153
92,16,154
92,17,155
92,18,155
92,19,155
92,20,155
92,21,154
92,22,153
92,23,152
92,24,152
92,25,151
92,26,151
92,27,151
92,28,151
92,29,151
92,30,152
92,31,153
92,32,155
92,33,156
92,34,158
92,35,160
92,36,163
92,37,165
92,38,168
92,39,171
92,40,174
92,41,176
92,42,179
92,43,181
92,44,182
92,45,184
92,46,185
92,47,185
92,48,186
92,49,185
92,50,184
92,51,183
92,52,182
92,53,180
92,54,178
92,55,175
92,56,173
92,57,170
92,58,166
92,59,164
92,60,161
92,61,159
92,62,158
92,63,156
92,64,154
92,65,152
92,66,150
92,67,148
92,68,146
92,69,144
92,70,141
92,71,137
92,72,134
92,73,130
92,74,126
92,75,122
92,76,118
92,77,115
92,78,112
92,79,110
92,80,107
92,81,105
92,82,103
92,83,101
92,84,99
92,85,98
92,86,96
92,87,94
92,88,93
92,89,91
92,90,90
92,91,89
92,92,87
92,93,86
92,94,84
92,95,82
92,96,80
92,97,78
92,98,77
92,99,75
93,0,137
93,1,137
93,2,137
93,3,138
93,4,139
93,5,140
93,6,142
93,7,143
93,8,144
93,9,146
93,10,147
93,11,149
93,12,151
93,13,153
93,14,154
93,15,156
93,16,157
93,17,158
93,18,158
93,19,158
93,20,158
93,21,157
93,22,156
93,23,155
93,24,154
93,25,154
93,26,153
93,27,153
93,28,153
93,29,154
93,30,154
93,31,155
93,32,156
93,33,158
93,34,160
93,35,162
93,36,165
93,37,168
93,38,171
93,39,173
93,40,176
93,41,178
93,42,180
93,43,182
93,44,184
93,45,185
93,46,187
93,47,187
93,48,188
93,49,187
93,50,186
93,51,185
93,52,183
93,53,181
93,54,179
93,55,176
93,56,173
93,57,170
93,58,167
93,59,164
93,60,162
93,61,160
93,62,158
93,63,157
93,64,155
93,65,153
93,66,151
93,67,149
93,68,147
93,69,144
93,70,141
93,71,138
93,72,134
93,73,130
93,74,126
93,75,122
93,76,118
93,77,115
93,78,113
93,79,110
93,80,108
93,81,105
93,82,103
93,83,101
93,84,99
93,85,98
93,86,96
93,87,94
93,88,92
93,89,91
93,90,89
93,91,88
93,92,87
93,93,85
93,94,84
93,95,82
93,96,80
93,97,78
93,98,76
93,99,75
94,0,139
94,1,139
94,2,139
94,3,140
94,4,141
94,5,142
94,6,144
94,7,145
94,8,146
94,9,148
94,10,149
94,11,151
94,12,153
94,13,155
94,14,156
94,15,158
94,16,159
94,17,160
94,18,161
94,19,161
94,20,160
94,21,159
94,22,158
94,23,157
94,24,156
94,25,156
94,26,155
94,27,155
94,28,155
94,29,156
94,30,156
94,31,157
94,32,158
94,33,160
94,34,162
94,35,164
94,36,167
94,37,170
94,38,173
94,39,175
94,40,178
94,41,180
94,42,182
94,43,183
94,44,185
94,45,187
94,46,188
94,47,189
94,48,189
94,49,188
94,50,187
94,51,186
94,52,184
94,53,182
94,54,179
94,55,177
94,56,174
94,57,170
94,58,167
94,59,165
94,60,162
94,61,161
94,62,159
94,63,157
94,64,156
94,65,154
94,66,152
94,67,150
94,68,147
94,69,145
94,70,141
94,71,138
94,72,134
94,73,130
94,74,126
94,75,122
94,76,119
94,77,116
94,78,113
94,79,110
94,80,108
94,81,106
94,82,103
94,83,101
94,84,99
94,85,97
94,86,95
94,87,94
94,88,92
94,89,90
94,90,89
94,91,87
94,92,86
94,93,85
94,94,83
94,95,81
94,96,79
94,97,78
94,98,76
94,99,75
95,0,140
95,1,140
95,2,141
95,3,142
95,4,143
95,5,144
95,6,145
95,7,147
95,8,148
95,9,149
95,10,151
95,11,153
95,12,155
95,13,157
95,14,158
95,15,160
95,16,161
95,17,162
95,18,163
95,19,163
95,20,163
95,21,162
95,22,160
95,23,159
95,24,158
95,25,158
95,26,158
95,27,157
95,28,157
95,29,158
95,30,158
95,31,159
95,32,161
95,33,162
95,34,164
95,35,166
95,36,169
95,37,172
95,38,175
95,39,177
95,40,179
95,41,181
95,42,183
95,43,184
95,44,186
95,45,188
95,46,189
95,47,190
95,48,190
95,49,189
95,50,188
95,51,186
95,52,184
95,53,182
95,54,180
95,55,177
95,56,174
95,57,171
95,58,168
95,59,165
95,60,163
95,61,161
95,62,160
95,63,158
95,64,156
95,65,154
95,66,152
95,67,150
95,68,148
95,69,145
95,70,142
95,71,138
95,72,135
95,73,131
95,74,127
95,75,123
95,76,119
95,77,116
95,78,113
95,79,111
95,80,108
95,81,106
95,82,104
95,83,102
95,84,99
95,85,97
95,86,95
95,87,93
95,88,92
95,89,90
95,90,88
95,91,87
95,92,86
95,93,84
95,94,83
95,95,81
95,96,79
95,97,77
95,98,76
95,99,74
96,0,142
96,1,142
96,2,143
96,3,143
96,4,144
96,5,146
96,6,147
96,7,148
96,8,150
96,9,151
96,10,153
96,11,154
96,12,157
96,13,159
96,14,160
96,15,162
96,16,163
96,17,165
96,18,165
96,19,165
96,20,165
96,21,164
96,22,163
96,23,161
96,24,161
96,25,160
96,26,160
96,27,160
96,28,160
96,29,160
96,30,161
96,31,162
96,32,163
96,33,164
96,34,166
96,35,168
96,36,171
96,37,173
96,38,176
96,39,178
96,40,180
96,41,182
96,42,184
96,43,185
96,44,186
96,45,188
96,46,189
96,47,190
96,48,190
96,49,189
96,50,188
96,51,186
96,52,184
96,53,182
96,54,180
96,55,177
96,56,174
96,57,171
96,58,168
96,59,166
96,60,164
96,61,162
96,62,160
96,63,159
96,64,157
96,65,155
96,66,153
96,67,151
96,68,148
96,69,146
96,70,142
96,71,139
96,72,135
96,73,131
96,74,127
96,75,123
96,76,120
96,77,117
96,78,114
96,79,111
96,80,109
96,81,106
96,82,104
96,83,102
96,84,100
96,85,98
96,86,96
96,87,94
96,88,92
96,89,90
96,90,88
96,91,87
96,92,85
96,93,84
96,94,82
96,95,80
96,96,78
96,97,77
96,98,75
96,99,74
97,0,144
97,1,144
97,2,144
97,3,145
97,4,146
97,5,147
97,6,148
97,7,150
97,8,151
97,9,153
97,10,154
97,11,156
97,12,158
97,13,161
97,14,163
97,15,164
97,16,165
97,17,166
97,18,167
97,19,167
97,20,167
97,21,166
97,22,165
97,23,164
97,24,163
97,25,162
97,26,162
97,27,162
97,28,162
97,29,163
97,30,163
97,31,164
97,32,165
97,33,166
97,34,168
97,35,170
97,36,172
97,37,175
97,38,177
97,39,179
97,40,181
97,41,183
97,42,184
97,43,186
97,44,187
97,45,188
97,46,189
97,47,189
97,48,189
97,49,189
97,50,187
97,51,186
97,52,184
97,53,182
97,54,180
97,55,178
97,56,175
97,57,172
97,58,169
97,59,167
97,60,164
97,61,163
97,62,161
97,63,159
97,64,157
97,65,155
97,66,153
97,67,151
97,68,149
97,69,146
97,70,143
97,71,140
97,72,136
97,73,132
97,74,128
97,75,124
97,76,120
97,77,117
97,78,114
97,79,112
97,80,109
97,81,107
97,82,105
97,83,102
97,84,100
97,85,98
97,86,96
97,87,94
97,88,92
97,89,90
97,90,88
97,91,87
97,92,85
97,93,83
97,94,81
97,95,80
97,96,78
97,97,76
97,98,74
97,99,73
98,0,145
98,1,145
98,2,146
98,3,147
98,4,148
98,5,149
98,6,150
98,7,151
98,8,153
98,9,154
98,10,156
98,11,158
98,12,160
98,13,162
98,14,164
98,15,166
98,16,167
98,17,168
98,18,169
98,19,168
98,20,168
98,21,167
98,22,166
98,23,166
98,24,165
98,25,164
98,26,164
98,27,165
98,28,165
98,29,165
98,30,166
98,31,166
98,32,168
98,33,169
98,34,170
98,35,172
98,36,174
98,37,176
98,38,178
98,39,180
98,40,182
98,41,183
98,42,185
98,43,186
98,44,187
98,45,188
98,46,188
98,47,189
98,48,189
98,49,188
98,50,187
98,51,185
98,52,184
98,53,182
98,54,180
98,55,178
98,56,175
98,57,173
98,58,170
98,59,167
98,60,165
98,61,163
98,62,161
98,63,159
98,64,157
98,65,155
98,66,153
98,67,151
98,68,149
98,69,146
98,70,144
98,71,140
98,72,137
98,73,133
98,74,128
98,75,124
98,76,121
98,77,117
98,78,114
98,79,112
98,80,110
98,81,107
98,82,105
98,83,103
98,84,101
98,85,98
98,86,96
98,87,94
98,88,92
98,89,90
98,90,88
98,91,86
98,92,85
98,93,83
98,94,81
98,95,79
98,96,77
98,97,75
98,98,74
98,99,73
99,0,147
99,1,147
99,2,147
99,3,148
99,4,149
99,5,150
99,6,151
99,7,152
99,8,154
99,9,155
99,10,157
99,11,160
99,12,162
99,13,164
99,14,166
99,15,168
99,16,169
99,17,170
99,18,170
99,19,170
99,20,170
99,21,169
99,22,168
99,23,167
99,24,167
99,25,166
99,26,167
99,27,167
99,28,167
99,29,167
99,30,168
99,31,169
99,32,170
99,33,171
99,34,172
99,35,173
99,36,175
99,37,177
99,38,178
99,39,180
99,40,182
99,41,184
99,42,185
99,43,186
99,44,187
99,45,187
99,46,188
99,47,188
99,48,187
99,49,187
99,50,186
99,51,184
99,52,183
99,53,181
99,54,179
99,55,178
99,56,175
99,57,173
99,58,170
99,59,168
99,60,165
99,61,163
99,62,161
99,63,159
99,64,157
99,65,155
99,66,153
99,67,151
99,68,149
99,69,147
99,70,144
99,71,141
99,72,137
99,73,133
99,74,129
99,75,125
99,76,121
99,77,118
99,78,115
99,79,112
99,80,110
99,81,108
99,82,105
99,83,103
99,84,101
99,85,99
99,86,97
99,87,95
99,88,93
99,89,91
99,90,88
99,91,86
99,92,84
99,93,82
99,94,80
99,95,78
99,96,76
99,97,74
99,98,73
99,99,72
