0,0,0
0,1,0
0,2,0
0,3,0
0,4,0
0,5,0
0,6,0
0,7,0
0,8,0
0,9,1
0,10,1
0,11,2
0,12,3
0,13,4
0,14,6
0,15,7
0,16,8
0,17,8
0,18,9
0,19,11
0,20,13
0,21,15
0,22,18
0,23,21
0,24,23
0,25,24
0,26,25
0,27,25
0,28,25
0,29,24
0,30,24
0,31,24
0,32,24
0,33,24
0,34,25
0,35,25
0,36,26
0,37,27
0,38,29
0,39,30
0,40,32
0,41,33
0,42,34
0,43,35
0,44,34
0,45,34
0,46,32
0,47,30
0,48,26
0,49,23
0,50,19
0,51,15
0,52,12
0,53,9
0,54,7
0,55,5
0,56,3
0,57,2
0,58,1
0,59,1
0,60,1
0,61,0
0,62,0
0,63,0
0,64,0
0,65,0
0,66,0
0,67,0
0,68,0
0,69,0
0,70,0
0,71,0
0,72,0
0,73,0
0,74,0
0,75,0
0,76,0
0,77,0
0,78,0
0,79,0
0,80,0
0,81,0
0,82,0
0,83,0
0,84,1
0,85,2
0,86,4
0,87,7
0,88,9
0,89,12
0,90,16
0,91,21
0,92,26
0,93,32
0,94,38
0,95,44
0,96,50
0,97,56
0,98,63
0,99,70
1,0,0
1,1,0
1,2,0
1,3,0
1,4,0
1,5,0
1,6,0
1,7,0
1,8,0
1,9,1
1,10,1
1,11,2
1,12,3
1,13,4
1,14,6
1,15,7
1,16,8
1,17,8
1,18,9
1,19,11
1,20,13
1,21,15
1,22,18
1,23,21
1,24,23
1,25,24
1,26,25
1,27,25
1,28,24
1,29,24
1,30,24
1,31,23
1,32,24
1,33,24
1,34,25
1,35,25
1,36,26
1,37,27
1,38,29
1,39,31
1,40,32
1,41,34
1,42,35
1,43,35
1,44,34
1,45,34
1,46,32
1,47,29
1,48,26
1,49,22
1,50,19
1,51,15
1,52,12
1,53,9
1,54,7
1,55,5
1,56,3
1,57,2
1,58,1
1,59,1
1,60,1
1,61,0
1,62,0
1,63,0
1,64,0
1,65,0
1,66,0
1,67,0
1,68,0
1,69,0
1,70,0
1,71,0
1,72,0
1,73,0
1,74,0
1,75,0
1,76,0
1,77,0
1,78,0
1,79,0
1,80,0
1,81,0
1,82,0
1,83,0
1,84,1
1,85,3
1,86,4
1,87,7
1,88,9
1,89,12
1,90,16
1,91,21
1,92,26
1,93,32
1,94,38
1,95,44
1,96,50
1,97,57
1,98,63
1,99,70
2,0,0
2,1,0
2,2,0
2,3,0
2,4,0
2,5,0
2,6,0
2,7,0
2,8,0
2,9,1
2,10,1
2,11,2
2,12,3
2,13,5
2,14,6
2,15,7
2,16,8
2,17,9
2,18,10
2,19,11
2,20,13
2,21,16
2,22,18
2,23,21
2,24,23
2,25,24
2,26,25
2,27,25
2,28,24
2,29,24
2,30,23
2,31,23
2,32,23
2,33,23
2,34,24
2,35,25
2,36,26
2,37,28
2,38,29
2,39,31
2,40,33
2,41,34
2,42,35
2,43,35
2,44,35
2,45,34
2,46,32
2,47,29
2,48,25
2,49,22
2,50,18
2,51,14
2,52,11
2,53,9
2,54,6
2,55,5
2,56,3
2,57,2
2,58,1
2,59,1
2,60,0
2,61,0
2,62,0
2,63,0
2,64,0
2,65,0
2,66,0
2,67,0
2,68,0
2,69,0
2,70,0
2,71,0
2,72,0
2,73,0
2,74,0
2,75,0
2,76,0
2,77,0
2,78,0
2,79,0
2,80,0
2,81,0
2,82,0
2,83,0
2,84,1
2,85,3
2,86,5
2,87,7
2,88,10
2,89,13
2,90,17
2,91,22
2,92,27
2,93,33
2,94,39
2,95,45
2,96,51
2,97,57
2,98,64
2,99,71
3,0,0
3,1,0
3,2,0
3,3,0
3,4,0
3,5,0
3,6,0
3,7,0
3,8,1
3,9,1
3,10,2
3,11,3
3,12,4
3,13,5
3,14,6
3,15,7
3,16,8
3,17,9
3,18,10
3,19,11
3,20,13
3,21,16
3,22,18
3,23,21
3,24,23
3,25,24
3,26,25
3,27,25
3,28,24
3,29,23
3,30,23
3,31,22
3,32,22
3,33,23
3,34,23
3,35,25
3,36,26
3,37,28
3,38,30
3,39,32
3,40,34
3,41,35
3,42,36
3,43,36
3,44,35
3,45,34
3,46,31
3,47,28
3,48,25
3,49,21
3,50,17
3,51,14
3,52,11
3,53,8
3,54,6
3,55,4
3,56,3
3,57,2
3,58,1
3,59,1
3,60,0
3,61,0
3,62,0
3,63,0
3,64,0
3,65,0
3,66,0
3,67,0
3,68,0
3,69,0
3,70,0
3,71,0
3,72,0
3,73,0
3,74,0
3,75,0
3,76,0
3,77,0
3,78,0
3,79,0
3,80,0
3,81,0
3,82,0
3,83,1
3,84,2
3,85,3
3,86,5
3,87,8
3,88,11
3,89,14
3,90,18
3,91,23
3,92,28
3,93,34
3,94,40
3,95,46
3,96,52
3,97,59
3,98,66
3,99,72
4,0,0
4,1,0
4,2,0
4,3,0
4,4,0
4,5,0
4,6,0
4,7,1
4,8,1
4,9,2
4,10,2
4,11,3
4,12,4
4,13,6
4,14,7
4,15,8
4,16,9
4,17,9
4,18,10
4,19,12
4,20,14
4,21,16
4,22,19
4,23,21
4,24,23
4,25,24
4,26,25
4,27,25
4,28,24
4,29,23
4,30,23
4,31,22
4,32,22
4,33,22
4,34,23
4,35,24
4,36,26
4,37,28
4,38,30
4,39,32
4,40,34
4,41,35
4,42,36
4,43,36
4,44,35
4,45,33
4,46,31
4,47,27
4,48,24
4,49,20
4,50,16
4,51,13
4,52,10
4,53,7
4,54,5
4,55,4
4,56,2
4,57,1
4,58,1
4,59,0
4,60,0
4,61,0
4,62,0
4,63,0
4,64,0
4,65,0
4,66,0
4,67,0
4,68,0
4,69,0
4,70,0
4,71,0
4,72,0
4,73,0
4,74,0
4,75,0
4,76,0
4,77,0
4,78,0
4,79,0
4,80,0
4,81,0
4,82,0
4,83,1
4,84,2
4,85,4
4,86,6
4,87,9
4,88,12
4,89,15
4,90,19
4,91,24
4,92,30
4,93,36
4,94,42
4,95,48
4,96,54
4,97,61
4,98,68
4,99,74
5,0,1
5,1,1
5,2,0
5,3,0
5,4,0
5,5,1
5,6,1
5,7,1
5,8,2
5,9,2
5,10,3
5,11,4
5,12,5
5,13,6
5,14,8
5,15,9
5,16,9
5,17,10
5,18,11
5,19,12
5,20,14
5,21,17
5,22,19
5,23,22
5,24,23
5,25,25
5,26,25
5,27,25
5,28,24
5,29,23
5,30,23
5,31,22
5,32,22
5,33,22
5,34,23
5,35,24
5,36,26
5,37,28
5,38,30
5,39,32
5,40,34
5,41,35
5,42,36
5,43,36
5,44,35
5,45,33
5,46,30
5,47,26
5,48,23
5,49,19
5,50,16
5,51,12
5,52,9
5,53,7
5,54,5
5,55,3
5,56,2
5,57,1
5,58,0
5,59,0
5,60,0
5,61,0
5,62,0
5,63,0
5,64,0
5,65,0
5,66,0
5,67,0
5,68,0
5,69,0
5,70,0
5,71,0
5,72,0
5,73,0
5,74,0
5,75,0
5,76,0
5,77,0
5,78,0
5,79,0
5,80,0
5,81,0
5,82,0
5,83,1
5,84,2
5,85,4
5,86,7
5,87,10
5,88,13
5,89,16
5,90,21
5,91,26
5,92,32
5,93,38
5,94,44
5,95,50
5,96,57
5,97,63
5,98,70
5,99,77
6,0,2
6,1,1
6,2,1
6,3,1
6,4,1
6,5,2
6,6,2
6,7,2
6,8,3
6,9,3
6,10,4
6,11,5
6,12,6
6,13,7
6,14,9
6,15,9
6,16,10
6,17,11
6,18,12
6,19,13
6,20,15
6,21,18
6,22,20
6,23,22
6,24,24
6,25,25
6,26,26
6,27,25
6,28,25
6,29,24
6,30,23
6,31,23
6,32,22
6,33,22
6,34,23
6,35,24
6,36,26
6,37,28
6,38,30
6,39,32
6,40,33
6,41,35
6,42,35
6,43,35
6,44,34
6,45,32
6,46,29
6,47,26
6,48,22
6,49,19
6,50,15
6,51,12
6,52,9
6,53,6
6,54,4
6,55,3
6,56,2
6,57,1
6,58,0
6,59,0
6,60,0
6,61,0
6,62,0
6,63,0
6,64,0
6,65,0
6,66,0
6,67,0
6,68,0
6,69,0
6,70,0
6,71,0
6,72,0
6,73,0
6,74,0
6,75,0
6,76,0
6,77,0
6,78,0
6,79,0
6,80,0
6,81,0
6,82,0
6,83,1
6,84,3
6,85,5
6,86,8
6,87,11
6,88,14
6,89,18
6,90,23
6,91,28
6,92,34
6,93,40
6,94,47
6,95,53
6,96,59
6,97,66
6,98,73
6,99,79
7,0,3
7,1,3
7,2,2
7,3,2
7,4,2
7,5,3
7,6,3
7,7,3
7,8,4
7,9,5
7,10,6
7,11,6
7,12,7
7,13,9
7,14,10
7,15,10
7,16,11
7,17,12
7,18,13
7,19,15
7,20,17
7,21,19
7,22,21
7,23,23
7,24,25
7,25,26
7,26,26
7,27,26
7,28,26
7,29,25
7,30,24
7,31,23
7,32,23
7,33,23
7,34,24
7,35,25
7,36,26
7,37,28
7,38,30
7,39,31
7,40,33
7,41,34
7,42,34
7,43,34
7,44,33
7,45,31
7,46,29
7,47,25
7,48,22
7,49,18
7,50,14
7,51,11
7,52,8
7,53,6
7,54,4
7,55,2
7,56,1
7,57,0
7,58,0
7,59,0
7,60,0
7,61,0
7,62,0
7,63,0
7,64,0
7,65,0
7,66,0
7,67,0
7,68,0
7,69,0
7,70,0
7,71,0
7,72,0
7,73,0
7,74,0
7,75,0
7,76,0
7,77,0
7,78,0
7,79,0
7,80,0
7,81,0
7,82,0
7,83,1
7,84,3
7,85,6
7,86,8
7,87,12
7,88,15
7,89,20
7,90,24
7,91,30
7,92,36
7,93,43
7,94,49
7,95,56
7,96,62
7,97,69
7,98,75
7,99,82
8,0,5
8,1,4
8,2,4
8,3,4
8,4,4
8,5,4
8,6,5
8,7,5
8,8,6
8,9,7
8,10,7
8,11,8
8,12,9
8,13,10
8,14,11
8,15,12
8,16,13
8,17,14
8,18,15
8,19,16
8,20,18
8,21,20
8,22,22
8,23,24
8,24,25
8,25,27
8,26,27
8,27,28
8,28,27
8,29,26
8,30,25
8,31,24
8,32,24
8,33,24
8,34,24
8,35,25
8,36,27
8,37,28
8,38,29
8,39,31
8,40,32
8,41,33
8,42,34
8,43,34
8,44,33
8,45,31
8,46,28
8,47,25
8,48,21
8,49,18
8,50,14
8,51,10
8,52,8
8,53,5
8,54,3
8,55,2
8,56,1
8,57,0
8,58,0
8,59,0
8,60,0
8,61,0
8,62,0
8,63,0
8,64,0
8,65,0
8,66,0
8,67,0
8,68,0
8,69,0
8,70,0
8,71,0
8,72,0
8,73,0
8,74,0
8,75,0
8,76,0
8,77,0
8,78,0
8,79,0
8,80,0
8,81,0
8,82,1
8,83,2
8,84,4
8,85,6
8,86,9
8,87,13
8,88,17
8,89,21
8,90,26
8,91,32
8,92,38
8,93,45
8,94,52
8,95,58
8,96,65
8,97,72
8,98,78
8,99,85
9,0,7
9,1,6
9,2,5
9,3,5
9,4,6
9,5,6
9,6,6
9,7,7
9,8,8
9,9,9
9,10,9
9,11,10
9,12,11
9,13,12
9,14,12
9,15,13
9,16,14
9,17,15
9,18,16
9,19,18
9,20,20
9,21,22
9,22,23
9,23,25
9,24,27
9,25,28
9,26,29
9,27,29
9,28,28
9,29,27
9,30,26
9,31,26
9,32,25
9,33,25
9,34,25
9,35,26
9,36,27
9,37,28
9,38,29
9,39,31
9,40,32
9,41,33
9,42,33
9,43,33
9,44,32
9,45,30
9,46,28
9,47,25
9,48,21
9,49,17
9,50,13
9,51,10
9,52,7
9,53,5
9,54,3
9,55,1
9,56,0
9,57,0
9,58,0
9,59,0
9,60,0
9,61,0
9,62,0
9,63,0
9,64,0
9,65,0
9,66,0
9,67,0
9,68,0
9,69,0
9,70,0
9,71,0
9,72,0
9,73,0
9,74,0
9,75,0
9,76,0
9,77,0
9,78,0
9,79,0
9,80,0
9,81,0
9,82,1
9,83,2
9,84,4
9,85,7
9,86,10
9,87,14
9,88,18
9,89,23
9,90,28
9,91,34
9,92,41
9,93,47
9,94,54
9,95,61
9,96,68
9,97,75
9,98,82
9,99,88
10,0,9
10,1,8
10,2,7
10,3,7
10,4,8
10,5,8
10,6,9
10,7,9
10,8,10
10,9,11
10,10,12
10,11,12
10,12,13
10,13,14
10,14,15
10,15,16
10,16,17
10,17,18
10,18,19
10,19,20
10,20,22
10,21,24
10,22,25
10,23,27
10,24,28
10,25,29
10,26,30
10,27,30
10,28,29
10,29,28
10,30,27
10,31,26
10,32,26
10,33,26
10,34,26
10,35,27
10,36,28
10,37,29
10,38,30
10,39,31
10,40,32
10,41,33
10,42,33
10,43,33
10,44,32
10,45,30
10,46,28
10,47,25
10,48,21
10,49,17
10,50,13
10,51,10
10,52,7
10,53,5
10,54,3
10,55,1
10,56,0
10,57,0
10,58,0
10,59,0
10,60,0
10,61,0
10,62,0
10,63,0
10,64,0
10,65,0
10,66,0
10,67,0
10,68,0
10,69,0
10,70,0
10,71,0
10,72,0
10,73,0
10,74,0
10,75,0
10,76,0
10,77,0
10,78,0
10,79,0
10,80,0
10,81,0
10,82,1
10,83,3
10,84,5
10,85,8
10,86,11
10,87,15
10,88,19
10,89,24
10,90,30
10,91,36
10,92,43
10,93,50
10,94,57
10,95,64
10,96,71
10,97,78
10,98,86
10,99,93
11,0,12
11,1,10
11,2,10
11,3,10
11,4,10
11,5,10
11,6,11
11,7,12
11,8,12
11,9,13
11,10,14
11,11,15
11,12,16
11,13,16
11,14,17
11,15,18
11,16,19
11,17,20
11,18,22
11,19,23
11,20,24
11,21,26
11,22,27
11,23,28
11,24,29
11,25,30
11,26,30
11,27,30
11,28,30
11,29,29
11,30,28
11,31,27
11,32,27
11,33,27
11,34,27
11,35,28
11,36,29
11,37,30
11,38,31
11,39,32
11,40,33
11,41,33
11,42,33
11,43,33
11,44,32
11,45,30
11,46,28
11,47,25
11,48,21
11,49,18
11,50,14
11,51,10
11,52,8
11,53,5
11,54,3
11,55,2
11,56,0
11,57,0
11,58,0
11,59,0
11,60,0
11,61,0
11,62,0
11,63,0
11,64,0
11,65,0
11,66,0
11,67,0
11,68,0
11,69,0
11,70,0
11,71,0
11,72,0
11,73,0
11,74,0
11,75,0
11,76,0
11,77,0
11,78,0
11,79,0
11,80,0
11,81,1
11,82,2
11,83,3
11,84,6
11,85,8
11,86,12
11,87,16
11,88,21
11,89,26
11,90,33
11,91,39
11,92,46
11,93,53
11,94,60
11,95,68
11,96,75
11,97,83
11,98,90
11,99,98
12,0,15
12,1,13
12,2,13
12,3,12
12,4,12
12,5,13
12,6,13
12,7,14
12,8,15
12,9,16
12,10,17
12,11,18
12,12,19
12,13,20
12,14,21
12,15,22
12,16,23
12,17,24
12,18,25
12,19,26
12,20,27
12,21,28
12,22,29
12,23,30
12,24,30
12,25,31
12,26,31
12,27,31
12,28,30
12,29,29
12,30,29
12,31,28
12,32,28
12,33,28
12,34,29
12,35,29
12,36,30
12,37,31
12,38,32
12,39,32
12,40,33
12,41,33
12,42,33
12,43,32
12,44,31
12,45,30
12,46,28
12,47,25
12,48,22
12,49,18
12,50,15
12,51,11
12,52,8
12,53,6
12,54,4
12,55,2
12,56,1
12,57,0
12,58,0
12,59,0
12,60,0
12,61,0
12,62,0
12,63,0
12,64,0
12,65,0
12,66,0
12,67,0
12,68,0
12,69,0
12,70,0
12,71,0
12,72,0
12,73,0
12,74,0
12,75,0
12,76,0
12,77,0
12,78,0
12,79,0
12,80,0
12,81,1
12,82,2
12,83,4
12,84,6
12,85,9
12,86,13
12,87,17
12,88,23
12,89,29
12,90,35
12,91,42
12,92,49
12,93,57
12,94,64
12,95,72
12,96,80
12,97,87
12,98,95
12,99,103
13,0,18
13,1,16
13,2,16
13,3,15
13,4,15
13,5,16
13,6,16
13,7,17
13,8,18
13,9,19
13,10,20
13,11,21
13,12,22
13,13,23
13,14,24
13,15,25
13,16,26
13,17,27
13,18,28
13,19,30
13,20,30
13,21,31
13,22,31
13,23,31
13,24,32
13,25,32
13,26,32
13,27,31
13,28,31
13,29,30
13,30,29
13,31,29
13,32,29
13,33,30
13,34,30
13,35,31
13,36,31
13,37,32
13,38,33
13,39,33
13,40,33
13,41,33
13,42,33
13,43,32
13,44,31
13,45,30
13,46,28
13,47,26
13,48,23
13,49,19
13,50,16
13,51,12
13,52,9
13,53,6
13,54,4
13,55,2
13,56,1
13,57,0
13,58,0
13,59,0
13,60,0
13,61,0
13,62,0
13,63,0
13,64,0
13,65,0
13,66,0
13,67,0
13,68,0
13,69,0
13,70,0
13,71,0
13,72,0
13,73,0
13,74,0
13,75,0
13,76,0
13,77,0
13,78,0
13,79,0
13,80,1
13,81,1
13,82,3
13,83,5
13,84,7
13,85,10
13,86,14
13,87,18
13,88,24
13,89,31
13,90,38
13,91,45
13,92,53
13,93,61
13,94,68
13,95,76
13,96,84
13,97,92
13,98,100
13,99,108
14,0,22
14,1,20
14,2,19
14,3,18
14,4,18
14,5,19
14,6,20
14,7,21
14,8,22
14,9,23
14,10,24
14,11,25
14,12,26
14,13,27
14,14,28
14,15,29
14,16,30
14,17,31
14,18,32
14,19,33
14,20,34
14,21,34
14,22,34
14,23,33
14,24,33
14,25,33
14,26,33
14,27,32
14,28,31
14,29,31
14,30,30
14,31,31
14,32,31
14,33,32
14,34,32
14,35,32
14,36,33
14,37,33
14,38,34
14,39,34
14,40,34
14,41,33
14,42,33
14,43,32
14,44,31
14,45,30
14,46,28
14,47,26
14,48,23
14,49,20
14,50,16
14,51,13
14,52,10
14,53,7
14,54,5
14,55,3
14,56,1
14,57,0
14,58,0
14,59,0
14,60,0
14,61,0
14,62,0
14,63,0
14,64,0
14,65,0
14,66,0
14,67,0
14,68,0
14,69,0
14,70,0
14,71,0
14,72,0
14,73,0
14,74,0
14,75,0
14,76,0
14,77,0
14,78,0
14,79,0
14,80,1
14,81,2
14,82,3
14,83,5
14,84,8
14,85,11
14,86,15
14,87,20
14,88,26
14,89,33
14,90,41
14,91,48
14,92,56
14,93,64
14,94,72
14,95,80
14,96,88
14,97,97
14,98,105
14,99,113
15,0,25
15,1,23
15,2,22
15,3,22
15,4,22
15,5,22
15,6,23
15,7,24
15,8,26
15,9,27
15,10,28
15,11,28
15,12,30
15,13,31
15,14,32
15,15,33
15,16,34
15,17,35
15,18,36
15,19,37
15,20,37
15,21,37
15,22,36
15,23,36
15,24,35
15,25,35
15,26,34
15,27,34
15,28,33
15,29,32
15,30,32
15,31,32
15,32,33
15,33,33
15,34,34
15,35,34
15,36,34
15,37,35
15,38,35
15,39,35
15,40,35
15,41,34
15,42,33
15,43,32
15,44,31
15,45,30
15,46,29
15,47,27
15,48,24
15,49,21
15,50,17
15,51,14
15,52,10
15,53,7
15,54,5
15,55,3
15,56,2
15,57,1
15,58,0
15,59,0
15,60,0
15,61,0
15,62,0
15,63,0
15,64,0
15,65,0
15,66,0
15,67,0
15,68,0
15,69,0
15,70,0
15,71,0
15,72,0
15,73,0
15,74,0
15,75,0
15,76,0
15,77,0
15,78,0
15,79,1
15,80,1
15,81,2
15,82,4
15,83,6
15,84,8
15,85,12
15,86,16
15,87,21
15,88,27
15,89,35
15,90,43
15,91,51
15,92,59
15,93,67
15,94,75
15,95,83
15,96,92
15,97,100
15,98,109
15,99,118
16,0,29
16,1,27
16,2,26
16,3,25
16,4,26
16,5,26
16,6,27
16,7,28
16,8,29
16,9,30
16,10,31
16,11,32
16,12,33
16,13,35
16,14,36
16,15,37
16,16,38
16,17,39
16,18,40
16,19,41
16,20,41
16,21,40
16,22,39
16,23,38
16,24,37
16,25,37
16,26,37
16,27,36
16,28,36
16,29,35
16,30,35
16,31,35
16,32,35
16,33,35
16,34,36
16,35,36
16,36,36
16,37,36
16,38,36
16,39,36
16,40,36
16,41,35
16,42,34
16,43,33
16,44,31
16,45,30
16,46,29
16,47,26
16,48,24
16,49,21
16,50,17
16,51,14
16,52,11
16,53,8
16,54,5
16,55,3
16,56,2
16,57,1
16,58,0
16,59,0
16,60,0
16,61,0
16,62,0
16,63,0
16,64,0
16,65,0
16,66,0
16,67,0
16,68,0
16,69,0
16,70,0
16,71,0
16,72,0
16,73,0
16,74,0
16,75,0
16,76,0
16,77,0
16,78,0
16,79,1
16,80,2
16,81,3
16,82,4
16,83,7
16,84,9
16,85,13
16,86,17
16,87,22
16,88,29
16,89,36
16,90,44
16,91,52
16,92,61
16,93,69
16,94,78
16,95,86
16,96,95
16,97,104
16,98,112
16,99,120
17,0,33
17,1,31
17,2,30
17,3,29
17,4,30
17,5,30
17,6,31
17,7,32
17,8,33
17,9,34
17,10,35
17,11,36
17,12,37
17,13,38
17,14,40
17,15,41
17,16,42
17,17,44
17,18,44
17,19,45
17,20,44
17,21,44
17,22,42
17,23,41
17,24,40
17,25,40
17,26,40
17,27,40
17,28,39
17,29,38
17,30,38
17,31,38
17,32,38
17,33,38
17,34,38
17,35,38
17,36,38
17,37,38
17,38,38
17,39,38
17,40,37
17,41,36
17,42,35
17,43,33
17,44,32
17,45,30
17,46,28
17,47,26
17,48,23
17,49,20
17,50,17
17,51,14
17,52,11
17,53,8
17,54,5
17,55,3
17,56,2
17,57,1
17,58,0
17,59,0
17,60,0
17,61,0
17,62,0
17,63,0
17,64,0
17,65,0
17,66,0
17,67,0
17,68,0
17,69,0
17,70,0
17,71,0
17,72,0
17,73,0
17,74,0
17,75,0
17,76,0
17,77,0
17,78,1
17,79,1
17,80,2
17,81,3
17,82,5
17,83,7
17,84,10
17,85,14
17,86,18
17,87,23
17,88,30
17,89,37
17,90,45
17,91,53
17,92,62
17,93,71
17,94,80
17,95,89
17,96,97
17,97,106
17,98,114
17,99,122
18,0,37
18,1,35
18,2,34
18,3,34
18,4,34
18,5,35
18,6,35
18,7,36
18,8,37
18,9,37
18,10,38
18,11,39
18,12,41
18,13,42
18,14,44
18,15,45
18,16,46
18,17,48
18,18,48
18,19,49
18,20,48
18,21,47
18,22,46
18,23,45
18,24,44
18,25,44
18,26,44
18,27,43
18,28,43
18,29,42
18,30,42
18,31,41
18,32,41
18,33,41
18,34,41
18,35,41
18,36,41
18,37,40
18,38,40
18,39,39
18,40,38
18,41,37
18,42,36
18,43,34
18,44,32
18,45,30
18,46,28
18,47,25
18,48,22
18,49,19
18,50,17
18,51,13
18,52,10
18,53,8
18,54,5
18,55,3
18,56,2
18,57,1
18,58,0
18,59,0
18,60,0
18,61,0
18,62,0
18,63,0
18,64,0
18,65,0
18,66,0
18,67,0
18,68,0
18,69,0
18,70,0
18,71,0
18,72,0
18,73,0
18,74,0
18,75,0
18,76,0
18,77,1
18,78,1
18,79,2
18,80,3
18,81,4
18,82,6
18,83,8
18,84,11
18,85,15
18,86,19
18,87,24
18,88,31
18,89,38
18,90,45
18,91,54
18,92,63
18,93,72
18,94,81
18,95,90
18,96,99
18,97,107
18,98,115
18,99,122
19,0,42
19,1,39
19,2,38
19,3,38
19,4,38
19,5,39
19,6,39
19,7,40
19,8,40
19,9,41
19,10,42
19,11,43
19,12,45
19,13,46
19,14,48
19,15,49
19,16,51
19,17,52
19,18,53
19,19,53
19,20,52
19,21,51
19,22,50
19,23,49
19,24,48
19,25,47
19,26,47
19,27,48
19,28,47
19,29,46
19,30,46
19,31,45
19,32,45
19,33,44
19,34,44
19,35,44
19,36,43
19,37,43
19,38,42
19,39,41
19,40,39
19,41,38
19,42,36
19,43,35
19,44,33
19,45,30
19,46,27
19,47,24
19,48,21
19,49,19
19,50,16
19,51,13
19,52,10
19,53,7
19,54,5
19,55,3
19,56,2
19,57,1
19,58,0
19,59,0
19,60,0
19,61,0
19,62,0
19,63,0
19,64,0
19,65,0
19,66,0
19,67,0
19,68,0
19,69,0
19,70,0
19,71,0
19,72,0
19,73,0
19,74,0
19,75,0
19,76,1
19,77,1
19,78,1
19,79,2
19,80,3
19,81,4
19,82,6
19,83,8
19,84,11
19,85,15
19,86,20
19,87,25
19,88,31
19,89,38
19,90,45
19,91,54
19,92,63
19,93,72
19,94,82
19,95,91
19,96,99
19,97,107
19,98,114
19,99,122
20,0,47
20,1,44
20,2,43
20,3,42
20,4,42
20,5,42
20,6,43
20,7,43
20,8,44
20,9,45
20,10,46
20,11,47
20,12,49
20,13,51
20,14,52
20,15,53
20,16,55
20,17,56
20,18,57
20,19,57
20,20,56
20,21,55
20,22,54
20,23,53
20,24,52
20,25,52
20,26,52
20,27,52
20,28,51
20,29,50
20,30,50
20,31,49
20,32,48
20,33,48
20,34,47
20,35,47
20,36,46
20,37,45
20,38,43
20,39,42
20,40,40
20,41,39
20,42,37
20,43,35
20,44,32
20,45,30
20,46,27
20,47,24
20,48,21
20,49,18
20,50,15
20,51,12
20,52,9
20,53,7
20,54,5
20,55,3
20,56,2
20,57,1
20,58,0
20,59,0
20,60,0
20,61,0
20,62,0
20,63,0
20,64,0
20,65,0
20,66,0
20,67,0
20,68,0
20,69,0
20,70,0
20,71,0
20,72,0
20,73,0
20,74,0
20,75,1
20,76,1
20,77,1
20,78,2
20,79,3
20,80,4
20,81,5
20,82,7
20,83,9
20,84,12
20,85,16
20,86,20
20,87,25
20,88,31
20,89,37
20,90,45
20,91,53
20,92,62
20,93,71
20,94,80
20,95,89
20,96,98
20,97,106
20,98,114
20,99,121
21,0,52
21,1,49
21,2,47
21,3,46
21,4,45
21,5,46
21,6,46
21,7,47
21,8,47
21,9,48
21,10,49
21,11,51
21,12,53
21,13,55
21,14,57
21,15,58
21,16,59
21,17,60
21,18,60
21,19,61
21,20,60
21,21,60
21,22,59
21,23,58
21,24,57
21,25,56
21,26,56
21,27,56
21,28,56
21,29,55
21,30,54
21,31,53
21,32,52
21,33,51
21,34,50
21,35,49
21,36,48
21,37,46
21,38,45
21,39,43
21,40,41
21,41,39
21,42,37
21,43,35
21,44,32
21,45,29
21,46,26
21,47,23
21,48,20
21,49,17
21,50,14
21,51,11
21,52,8
21,53,6
21,54,4
21,55,3
21,56,1
21,57,1
21,58,0
21,59,0
21,60,0
21,61,0
21,62,0
21,63,0
21,64,0
21,65,0
21,66,0
21,67,0
21,68,0
21,69,0
21,70,0
21,71,0
21,72,0
21,73,1
21,74,1
21,75,1
21,76,1
21,77,2
21,78,2
21,79,3
21,80,4
21,81,5
21,82,7
21,83,9
21,84,12
21,85,16
21,86,20
21,87,25
21,88,31
21,89,37
21,90,44
21,91,52
21,92,60
21,93,69
21,94,78
21,95,87
21,96,96
21,97,104
21,98,112
21,99,120
22,0,57
22,1,54
22,2,52
22,3,50
22,4,49
22,5,49
22,6,49
22,7,50
22,8,51
22,9,52
22,10,53
22,11,55
22,12,57
22,13,59
22,14,61
22,15,62
22,16,63
22,17,64
22,18,64
22,19,64
22,20,64
22,21,64
22,22,63
22,23,63
22,24,62
22,25,62
22,26,61
22,27,61
22,28,60
22,29,60
22,30,58
22,31,57
22,32,56
22,33,55
22,34,54
22,35,52
22,36,50
22,37,48
22,38,46
22,39,44
22,40,41
22,41,39
22,42,37
22,43,35
22,44,32
22,45,29
22,46,25
22,47,22
22,48,19
22,49,16
22,50,13
22,51,10
22,52,7
22,53,5
22,54,4
22,55,2
22,56,1
22,57,1
22,58,0
22,59,0
22,60,0
22,61,0
22,62,0
22,63,0
22,64,0
22,65,0
22,66,0
22,67,0
22,68,0
22,69,0
22,70,0
22,71,0
22,72,1
22,73,1
22,74,1
22,75,1
22,76,2
22,77,2
22,78,3
22,79,4
22,80,5
22,81,6
22,82,8
22,83,10
22,84,13
22,85,16
22,86,20
22,87,25
22,88,30
22,89,36
22,90,43
22,91,50
22,92,59
22,93,67
22,94,76
22,95,84
22,96,93
22,97,101
22,98,110
22,99,118
23,0,62
23,1,59
23,2,56
23,3,54
23,4,52
23,5,52
23,6,52
23,7,53
23,8,54
23,9,56
23,10,57
23,11,59
23,12,61
23,13,64
23,14,66
23,15,67
23,16,68
23,17,68
23,18,68
23,19,68
23,20,68
23,21,68
23,22,68
23,23,68
23,24,67
23,25,67
23,26,66
23,27,66
23,28,65
23,29,64
23,30,63
23,31,62
23,32,61
23,33,59
23,34,58
23,35,56
23,36,53
23,37,50
23,38,47
23,39,44
23,40,42
23,41,40
23,42,38
23,43,35
23,44,32
23,45,28
23,46,25
23,47,21
23,48,18
23,49,15
23,50,12
23,51,9
23,52,6
23,53,5
23,54,3
23,55,2
23,56,1
23,57,1
23,58,0
23,59,0
23,60,0
23,61,0
23,62,0
23,63,0
23,64,0
23,65,0
23,66,0
23,67,0
23,68,0
23,69,0
23,70,0
23,71,1
23,72,1
23,73,1
23,74,1
23,75,2
23,76,2
23,77,3
23,78,4
23,79,5
23,80,5
23,81,7
23,82,8
23,83,10
23,84,13
23,85,16
23,86,20
23,87,25
23,88,30
23,89,35
23,90,42
23,91,49
23,92,57
23,93,65
23,94,73
23,95,82
23,96,90
23,97,99
23,98,108
23,99,116
24,0,67
24,1,63
24,2,60
24,3,58
24,4,56
24,5,56
24,6,56
24,7,57
24,8,58
24,9,59
24,10,61
24,11,63
24,12,66
24,13,68
24,14,70
24,15,72
24,16,72
24,17,73
24,18,73
24,19,73
24,20,73
24,21,73
24,22,73
24,23,73
24,24,72
24,25,72
24,26,71
24,27,71
24,28,70
24,29,69
24,30,68
24,31,67
24,32,65
24,33,63
24,34,62
24,35,59
24,36,56
24,37,53
24,38,49
24,39,46
24,40,43
24,41,41
24,42,38
24,43,35
24,44,32
24,45,28
24,46,24
24,47,20
24,48,17
24,49,14
24,50,11
24,51,8
24,52,6
24,53,4
24,54,3
24,55,2
24,56,1
24,57,1
24,58,0
24,59,0
24,60,0
24,61,0
24,62,0
24,63,0
24,64,0
24,65,0
24,66,0
24,67,0
24,68,0
24,69,0
24,70,0
24,71,1
24,72,1
24,73,1
24,74,2
24,75,2
24,76,3
24,77,4
24,78,4
24,79,5
24,80,6
24,81,7
24,82,9
24,83,11
24,84,13
24,85,16
24,86,20
24,87,24
24,88,29
24,89,35
24,90,41
24,91,48
24,92,56
24,93,64
24,94,72
24,95,80
24,96,89
24,97,97
24,98,106
24,99,115
25,0,71
25,1,68
25,2,64
25,3,62
25,4,60
25,5,60
25,6,60
25,7,61
25,8,62
25,9,64
25,10,65
25,11,68
25,12,70
25,13,73
25,14,75
25,15,76
25,16,77
25,17,77
25,18,78
25,19,78
25,20,78
25,21,78
25,22,78
25,23,78
25,24,77
25,25,77
25,26,76
25,27,76
25,28,75
25,29,74
25,30,73
25,31,71
25,32,70
25,33,68
25,34,66
25,35,63
25,36,59
25,37,56
25,38,52
25,39,48
25,40,44
25,41,41
25,42,38
25,43,35
25,44,31
25,45,27
25,46,23
25,47,20
25,48,17
25,49,13
25,50,11
25,51,8
25,52,6
25,53,4
25,54,3
25,55,2
25,56,1
25,57,1
25,58,0
25,59,0
25,60,0
25,61,0
25,62,0
25,63,0
25,64,0
25,65,0
25,66,0
25,67,0
25,68,0
25,69,0
25,70,0
25,71,1
25,72,1
25,73,2
25,74,2
25,75,3
25,76,3
25,77,4
25,78,5
25,79,6
25,80,7
25,81,8
25,82,9
25,83,11
25,84,13
25,85,16
25,86,20
25,87,24
25,88,29
25,89,34
25,90,40
25,91,47
25,92,54
25,93,62
25,94,71
25,95,79
25,96,87
25,97,96
25,98,105
25,99,114
26,0,75
26,1,71
26,2,68
26,3,66
26,4,64
26,5,64
26,6,64
26,7,65
26,8,66
26,9,68
26,10,70
26,11,72
26,12,75
26,13,78
26,14,80
26,15,82
26,16,82
26,17,82
26,18,82
26,19,83
26,20,83
26,21,83
26,22,83
26,23,83
26,24,82
26,25,82
26,26,81
26,27,80
26,28,79
26,29,78
26,30,77
26,31,76
26,32,74
26,33,72
26,34,70
26,35,67
26,36,63
26,37,59
26,38,54
26,39,50
26,40,46
26,41,42
26,42,38
26,43,35
26,44,31
26,45,27
26,46,23
26,47,19
26,48,16
26,49,13
26,50,10
26,51,8
26,52,6
26,53,4
26,54,3
26,55,2
26,56,2
26,57,1
26,58,1
26,59,0
26,60,0
26,61,0
26,62,0
26,63,0
26,64,0
26,65,0
26,66,0
26,67,0
26,68,0
26,69,0
26,70,0
26,71,1
26,72,1
26,73,2
26,74,2
26,75,3
26,76,4
26,77,4
26,78,6
26,79,7
26,80,8
26,81,9
26,82,10
26,83,12
26,84,14
26,85,17
26,86,20
26,87,24
26,88,29
26,89,34
26,90,40
26,91,47
26,92,54
26,93,62
26,94,70
26,95,78
26,96,87
26,97,96
26,98,105
26,99,114
27,0,78
27,1,74
27,2,71
27,3,69
27,4,68
27,5,68
27,6,68
27,7,69
27,8,71
27,9,72
27,10,74
27,11,77
27,12,80
27,13,83
27,14,85
27,15,86
27,16,87
27,17,87
27,18,87
27,19,87
27,20,87
27,21,87
27,22,88
27,23,88
27,24,87
27,25,87
27,26,86
27,27,85
27,28,84
27,29,82
27,30,81
27,31,80
27,32,78
27,33,76
27,34,73
27,35,70
27,36,66
27,37,62
27,38,57
27,39,52
27,40,48
27,41,43
27,42,38
27,43,35
27,44,31
27,45,27
27,46,23
27,47,20
27,48,16
27,49,13
27,50,11
27,51,8
27,52,6
27,53,5
27,54,3
27,55,3
27,56,2
27,57,1
27,58,1
27,59,1
27,60,0
27,61,0
27,62,0
27,63,0
27,64,0
27,65,0
27,66,0
27,67,0
27,68,0
27,69,0
27,70,0
27,71,1
27,72,2
27,73,2
27,74,2
27,75,3
27,76,4
27,77,5
27,78,6
27,79,7
27,80,8
27,81,9
27,82,11
27,83,12
27,84,14
27,85,17
27,86,20
27,87,24
27,88,29
27,89,34
27,90,40
27,91,47
27,92,54
27,93,62
27,94,70
27,95,78
27,96,86
27,97,96
27,98,105
27,99,115
28,0,81
28,1,78
28,2,75
28,3,73
28,4,72
28,5,72
28,6,72
28,7,74
28,8,75
28,9,77
28,10,79
28,11,81
28,12,84
28,13,87
28,14,89
28,15,90
28,16,91
28,17,91
28,18,91
28,19,91
28,20,91
28,21,91
28,22,92
28,23,92
28,24,92
28,25,91
28,26,90
28,27,89
28,28,87
28,29,86
28,30,85
28,31,84
28,32,82
28,33,80
28,34,77
28,35,74
28,36,70
28,37,65
28,38,60
28,39,55
28,40,49
28,41,44
28,42,39
28,43,35
28,44,31
28,45,27
28,46,23
28,47,20
28,48,17
28,49,14
28,50,12
28,51,9
28,52,7
28,53,5
28,54,4
28,55,3
28,56,2
28,57,2
28,58,1
28,59,1
28,60,0
28,61,0
28,62,0
28,63,0
28,64,0
28,65,0
28,66,0
28,67,0
28,68,0
28,69,0
28,70,0
28,71,1
28,72,2
28,73,2
28,74,2
28,75,3
28,76,4
28,77,5
28,78,6
28,79,7
28,80,9
28,81,10
28,82,12
28,83,13
28,84,15
28,85,18
28,86,21
28,87,25
28,88,30
28,89,35
28,90,40
28,91,47
28,92,54
28,93,62
28,94,70
28,95,78
28,96,87
28,97,96
28,98,106
28,99,115
29,0,85
29,1,81
29,2,79
29,3,77
29,4,76
29,5,76
29,6,76
29,7,78
29,8,79
29,9,81
29,10,83
29,11,86
29,12,88
29,13,91
29,14,93
29,15,94
29,16,94
29,17,94
29,18,94
29,19,94
29,20,94
29,21,95
29,22,95
29,23,96
29,24,96
29,25,95
29,26,94
29,27,93
29,28,91
29,29,90
29,30,89
29,31,88
29,32,86
29,33,84
29,34,81
29,35,78
29,36,73
29,37,68
29,38,63
29,39,57
29,40,51
29,41,46
29,42,40
29,43,36
29,44,32
29,45,28
29,46,25
29,47,21
29,48,18
29,49,15
29,50,13
29,51,10
29,52,8
29,53,6
29,54,5
29,55,4
29,56,3
29,57,2
29,58,2
29,59,1
29,60,1
29,61,0
29,62,0
29,63,0
29,64,0
29,65,0
29,66,0
29,67,0
29,68,0
29,69,0
29,70,0
29,71,1
29,72,1
29,73,2
29,74,2
29,75,3
29,76,4
29,77,5
29,78,6
29,79,8
29,80,9
29,81,11
29,82,12
29,83,14
29,84,17
29,85,19
29,86,23
29,87,27
29,88,31
29,89,36
29,90,42
29,91,48
29,92,55
29,93,62
29,94,70
29,95,79
29,96,87
29,97,97
29,98,107
29,99,116
30,0,89
30,1,85
30,2,83
30,3,81
30,4,80
30,5,80
30,6,81
30,7,82
30,8,84
30,9,86
30,10,87
30,11,90
30,12,92
30,13,94
30,14,95
30,15,96
30,16,96
30,17,96
30,18,96
30,19,96
30,20,97
30,21,97
30,22,98
30,23,98
30,24,99
30,25,98
30,26,98
30,27,97
30,28,96
30,29,95
30,30,94
30,31,93
30,32,91
30,33,88
30,34,85
30,35,81
30,36,77
30,37,71
30,38,66
30,39,60
30,40,53
30,41,48
30,42,42
30,43,38
30,44,34
30,45,30
30,46,26
30,47,23
30,48,20
30,49,18
30,50,15
30,51,12
30,52,10
30,53,8
30,54,6
30,55,5
30,56,4
30,57,3
30,58,2
30,59,2
30,60,1
30,61,1
30,62,0
30,63,0
30,64,0
30,65,0
30,66,0
30,67,0
30,68,0
30,69,0
30,70,0
30,71,1
30,72,1
30,73,2
30,74,2
30,75,3
30,76,4
30,77,5
30,78,6
30,79,8
30,80,10
30,81,11
30,82,13
30,83,16
30,84,18
30,85,21
30,86,25
30,87,29
30,88,33
30,89,38
30,90,43
30,91,50
30,92,56
30,93,64
30,94,72
30,95,80
30,96,89
30,97,98
30,98,108
30,99,117
31,0,93
31,1,89
31,2,87
31,3,85
31,4,84
31,5,84
31,6,85
31,7,86
31,8,88
31,9,90
31,10,91
31,11,93
31,12,95
31,13,96
31,14,97
31,15,97
31,16,97
31,17,97
31,18,97
31,19,98
31,20,98
31,21,99
31,22,100
31,23,101
31,24,101
31,25,101
31,26,101
31,27,101
31,28,100
31,29,99
31,30,98
31,31,97
31,32,95
31,33,93
31,34,89
31,35,85
31,36,80
31,37,74
31,38,68
31,39,62
31,40,56
31,41,50
31,42,44
31,43,40
31,44,36
31,45,32
31,46,29
31,47,26
31,48,23
31,49,20
31,50,18
31,51,15
31,52,12
31,53,10
31,54,8
31,55,6
31,56,5
31,57,4
31,58,3
31,59,2
31,60,2
31,61,1
31,62,1
31,63,0
31,64,0
31,65,0
31,66,0
31,67,0
31,68,0
31,69,0
31,70,0
31,71,0
31,72,1
31,73,1
31,74,2
31,75,3
31,76,4
31,77,5
31,78,6
31,79,8
31,80,10
31,81,12
31,82,14
31,83,17
31,84,20
31,85,24
31,86,28
31,87,32
31,88,36
31,89,40
31,90,46
31,91,52
31,92,58
31,93,66
31,94,74
31,95,82
31,96,91
31,97,100
31,98,110
31,99,119
32,0,97
32,1,94
32,2,91
32,3,89
32,4,88
32,5,88
32,6,89
32,7,90
32,8,92
32,9,93
32,10,95
32,11,96
32,12,97
32,13,98
32,14,99
32,15,99
32,16,98
32,17,98
32,18,99
32,19,99
32,20,100
32,21,101
32,22,102
32,23,103
32,24,103
32,25,103
32,26,104
32,27,104
32,28,104
32,29,104
32,30,102
32,31,101
32,32,99
32,33,97
32,34,93
32,35,89
32,36,83
32,37,77
32,38,71
32,39,65
32,40,58
32,41,52
32,42,47
32,43,42
32,44,38
32,45,35
32,46,32
32,47,29
32,48,26
32,49,24
32,50,21
32,51,18
32,52,15
32,53,12
32,54,10
32,55,8
32,56,6
32,57,5
32,58,4
32,59,3
32,60,2
32,61,2
32,62,1
32,63,1
32,64,0
32,65,0
32,66,0
32,67,0
32,68,0
32,69,0
32,70,0
32,71,0
32,72,1
32,73,1
32,74,2
32,75,3
32,76,4
32,77,5
32,78,7
32,79,8
32,80,11
32,81,13
32,82,16
32,83,19
32,84,23
32,85,26
32,86,31
32,87,35
32,88,39
32,89,43
32,90,48
32,91,54
32,92,61
32,93,68
32,94,76
32,95,85
32,96,93
32,97,103
32,98,112
32,99,121
33,0,101
33,1,98
33,2,95
33,3,93
33,4,92
33,5,92
33,6,93
33,7,94
33,8,95
33,9,97
33,10,98
33,11,99
33,12,100
33,13,100
33,14,100
33,15,100
33,16,100
33,17,100
33,18,100
33,19,101
33,20,102
33,21,103
33,22,104
33,23,105
33,24,106
33,25,106
33,26,107
33,27,108
33,28,108
33,29,107
33,30,106
33,31,105
33,32,103
33,33,100
33,34,97
33,35,92
33,36,87
33,37,80
33,38,74
33,39,68
33,40,61
33,41,55
33,42,50
33,43,45
33,44,41
33,45,38
33,46,35
33,47,32
33,48,30
33,49,27
33,50,24
33,51,21
33,52,18
33,53,15
33,54,12
33,55,10
33,56,8
33,57,6
33,58,5
33,59,4
33,60,3
33,61,2
33,62,2
33,63,1
33,64,1
33,65,0
33,66,0
33,67,0
33,68,0
33,69,0
33,70,0
33,71,0
33,72,0
33,73,1
33,74,2
33,75,3
33,76,4
33,77,5
33,78,7
33,79,9
33,80,11
33,81,14
33,82,17
33,83,21
33,84,25
33,85,29
33,86,34
33,87,38
33,88,42
33,89,47
33,90,52
33,91,58
33,92,64
33,93,72
33,94,80
33,95,88
33,96,97
33,97,106
33,98,115
33,99,124
34,0,105
34,1,101
34,2,98
34,3,96
34,4,95
34,5,95
34,6,96
34,7,97
34,8,98
34,9,100
34,10,101
34,11,102
34,12,102
34,13,103
34,14,103
34,15,102
34,16,102
34,17,102
34,18,102
34,19,103
34,20,104
34,21,106
34,22,107
34,23,108
34,24,108
34,25,109
34,26,110
34,27,111
34,28,111
34,29,111
34,30,109
34,31,108
34,32,106
34,33,103
34,34,100
34,35,95
34,36,90
34,37,83
34,38,77
34,39,71
34,40,64
34,41,58
34,42,52
34,43,48
34,44,44
34,45,41
34,46,38
34,47,35
34,48,32
34,49,30
34,50,27
34,51,23
34,52,20
34,53,17
34,54,14
34,55,12
34,56,10
34,57,8
34,58,6
34,59,5
34,60,4
34,61,3
34,62,2
34,63,2
34,64,1
34,65,0
34,66,0
34,67,0
34,68,0
34,69,0
34,70,0
34,71,0
34,72,0
34,73,1
34,74,2
34,75,3
34,76,4
34,77,6
34,78,7
34,79,10
34,80,12
34,81,15
34,82,19
34,83,23
34,84,27
34,85,32
34,86,37
34,87,41
34,88,45
34,89,50
34,90,55
34,91,61
34,92,68
34,93,76
34,94,84
34,95,92
34,96,100
34,97,109
34,98,118
34,99,127
35,0,107
35,1,104
35,2,101
35,3,99
35,4,98
35,5,98
35,6,99
35,7,100
35,8,101
35,9,102
35,10,104
35,11,104
35,12,105
35,13,105
35,14,105
35,15,105
35,16,105
35,17,104
35,18,105
35,19,106
35,20,107
35,21,108
35,22,110
35,23,111
35,24,111
35,25,112
35,26,113
35,27,114
35,28,114
35,29,113
35,30,112
35,31,111
35,32,109
35,33,106
35,34,103
35,35,98
35,36,92
35,37,86
35,38,80
35,39,73
35,40,67
35,41,61
35,42,55
35,43,50
35,44,46
35,45,43
35,46,40
35,47,38
35,48,35
35,49,32
35,50,29
35,51,26
35,52,22
35,53,19
35,54,16
35,55,13
35,56,11
35,57,9
35,58,7
35,59,6
35,60,5
35,61,4
35,62,3
35,63,2
35,64,1
35,65,1
35,66,0
35,67,0
35,68,0
35,69,0
35,70,0
35,71,0
35,72,1
35,73,1
35,74,2
35,75,3
35,76,5
35,77,6
35,78,8
35,79,11
35,80,13
35,81,17
35,82,20
35,83,25
35,84,29
35,85,34
35,86,39
35,87,44
35,88,49
35,89,54
35,90,59
35,91,65
35,92,73
35,93,80
35,94,89
35,95,97
35,96,105
35,97,114
35,98,122
35,99,130
36,0,110
36,1,107
36,2,104
36,3,102
36,4,101
36,5,101
36,6,101
36,7,102
36,8,103
36,9,104
36,10,105
36,11,106
36,12,107
36,13,107
36,14,107
36,15,107
36,16,107
36,17,107
36,18,107
36,19,108
36,20,109
36,21,111
36,22,112
36,23,113
36,24,114
36,25,115
36,26,116
36,27,117
36,28,117
36,29,116
36,30,115
36,31,113
36,32,111
36,33,108
36,34,105
36,35,100
36,36,94
36,37,88
36,38,82
36,39,76
36,40,70
36,41,64
36,42,58
36,43,53
36,44,49
36,45,46
36,46,43
36,47,40
36,48,37
36,49,34
36,50,31
36,51,28
36,52,24
36,53,21
36,54,18
36,55,15
36,56,13
36,57,11
36,58,9
36,59,7
36,60,6
36,61,5
36,62,4
36,63,3
36,64,2
36,65,1
36,66,0
36,67,0
36,68,0
36,69,0
36,70,0
36,71,0
36,72,1
36,73,2
36,74,3
36,75,4
36,76,6
36,77,7
36,78,9
36,79,12
36,80,14
36,81,18
36,82,22
36,83,26
36,84,31
36,85,36
36,86,41
36,87,47
36,88,52
36,89,58
36,90,64
36,91,70
36,92,78
36,93,86
36,94,95
36,95,103
36,96,111
36,97,119
36,98,127
36,99,133
37,0,113
37,1,109
37,2,107
37,3,105
37,4,103
37,5,103
37,6,103
37,7,103
37,8,104
37,9,106
37,10,107
37,11,107
37,12,108
37,13,109
37,14,109
37,15,109
37,16,109
37,17,109
37,18,109
37,19,110
37,20,111
37,21,113
37,22,115
37,23,116
37,24,117
37,25,118
37,26,119
37,27,119
37,28,119
37,29,118
37,30,117
37,31,115
37,32,113
37,33,110
37,34,106
37,35,102
37,36,96
37,37,90
37,38,85
37,39,79
37,40,73
37,41,67
37,42,62
37,43,57
37,44,53
37,45,49
37,46,46
37,47,43
37,48,40
37,49,37
37,50,33
37,51,30
37,52,26
37,53,23
37,54,20
37,55,17
37,56,14
37,57,12
37,58,10
37,59,8
37,60,7
37,61,5
37,62,4
37,63,3
37,64,2
37,65,1
37,66,1
37,67,0
37,68,0
37,69,0
37,70,0
37,71,0
37,72,1
37,73,2
37,74,3
37,75,5
37,76,6
37,77,8
37,78,10
37,79,13
37,80,16
37,81,19
37,82,24
37,83,28
37,84,33
37,85,39
37,86,44
37,87,50
37,88,56
37,89,62
37,90,69
37,91,76
37,92,84
37,93,93
37,94,102
37,95,110
37,96,118
37,97,125
37,98,132
37,99,138
38,0,116
38,1,113
38,2,110
38,3,108
38,4,106
38,5,104
38,6,104
38,7,104
38,8,105
38,9,106
38,10,107
38,11,108
38,12,109
38,13,110
38,14,110
38,15,111
38,16,110
38,17,110
38,18,110
38,19,112
38,20,113
38,21,115
38,22,117
38,23,119
38,24,120
38,25,121
38,26,122
38,27,122
38,28,122
38,29,121
38,30,119
38,31,117
38,32,114
38,33,111
38,34,108
38,35,104
38,36,98
38,37,93
38,38,87
38,39,82
38,40,76
38,41,71
38,42,66
38,43,61
38,44,57
38,45,53
38,46,50
38,47,46
38,48,43
38,49,40
38,50,36
38,51,33
38,52,29
38,53,25
38,54,22
38,55,19
38,56,16
38,57,14
38,58,12
38,59,10
38,60,8
38,61,6
38,62,5
38,63,4
38,64,2
38,65,2
38,66,1
38,67,0
38,68,0
38,69,0
38,70,0
38,71,1
38,72,1
38,73,2
38,74,4
38,75,5
38,76,7
38,77,9
38,78,11
38,79,14
38,80,17
38,81,21
38,82,26
38,83,31
38,84,36
38,85,42
38,86,48
38,87,54
38,88,60
38,89,67
38,90,74
38,91,82
38,92,90
38,93,99
38,94,109
38,95,117
38,96,124
38,97,131
38,98,137
38,99,142
39,0,120
39,1,116
39,2,113
39,3,110
39,4,108
39,5,106
39,6,105
39,7,105
39,8,105
39,9,106
39,10,107
39,11,108
39,12,109
39,13,110
39,14,111
39,15,111
39,16,112
39,17,112
39,18,112
39,19,113
39,20,115
39,21,117
39,22,119
39,23,121
39,24,122
39,25,123
39,26,124
39,27,125
39,28,125
39,29,123
39,30,121
39,31,119
39,32,116
39,33,113
39,34,110
39,35,105
39,36,101
39,37,96
39,38,91
39,39,86
39,40,80
39,41,75
39,42,70
39,43,66
39,44,61
39,45,58
39,46,54
39,47,51
39,48,47
39,49,44
39,50,40
39,51,36
39,52,33
39,53,29
39,54,25
39,55,22
39,56,19
39,57,16
39,58,14
39,59,12
39,60,10
39,61,8
39,62,6
39,63,4
39,64,3
39,65,2
39,66,1
39,67,0
39,68,0
39,69,0
39,70,0
39,71,1
39,72,2
39,73,3
39,74,4
39,75,6
39,76,8
39,77,10
39,78,12
39,79,15
39,80,19
39,81,23
39,82,28
39,83,34
39,84,40
39,85,46
39,86,52
39,87,58
39,88,65
39,89,73
39,90,80
39,91,88
39,92,96
39,93,106
39,94,115
39,95,123
39,96,130
39,97,136
39,98,141
39,99,146
40,0,124
40,1,120
40,2,116
40,3,113
40,4,110
40,5,108
40,6,106
40,7,106
40,8,106
40,9,107
40,10,108
40,11,109
40,12,110
40,13,111
40,14,112
40,15,113
40,16,113
40,17,113
40,18,114
40,19,115
40,20,117
40,21,119
40,22,121
40,23,123
40,24,125
40,25,126
40,26,127
40,27,127
40,28,127
40,29,125
40,30,123
40,31,121
40,32,117
40,33,114
40,34,111
40,35,107
40,36,103
40,37,99
40,38,94
40,39,90
40,40,85
40,41,80
40,42,75
40,43,71
40,44,67
40,45,63
40,46,59
40,47,56
40,48,52
40,49,48
40,50,45
40,51,41
40,52,37
40,53,33
40,54,29
40,55,26
40,56,22
40,57,19
40,58,16
40,59,14
40,60,11
40,61,9
40,62,7
40,63,5
40,64,4
40,65,2
40,66,1
40,67,0
40,68,0
40,69,0
40,70,0
40,71,1
40,72,2
40,73,3
40,74,5
40,75,6
40,76,8
40,77,11
40,78,14
40,79,17
40,80,21
40,81,26
40,82,31
40,83,38
40,84,44
40,85,51
40,86,57
40,87,64
40,88,71
40,89,78
40,90,86
40,91,94
40,92,103
40,93,112
40,94,120
40,95,128
40,96,134
40,97,140
40,98,146
40,99,150
41,0,127
41,1,123
41,2,119
41,3,115
41,4,112
41,5,109
41,6,107
41,7,107
41,8,107
41,9,108
41,10,109
41,11,110
41,12,110
41,13,111
41,14,113
41,15,114
41,16,114
41,17,115
41,18,115
41,19,117
41,20,119
41,21,121
41,22,124
41,23,126
41,24,127
41,25,128
41,26,129
41,27,130
41,28,129
41,29,127
41,30,125
41,31,122
41,32,119
41,33,115
41,34,112
41,35,109
41,36,105
41,37,102
41,38,98
41,39,94
41,40,90
41,41,85
41,42,80
41,43,76
41,44,72
41,45,68
41,46,65
41,47,61
41,48,57
41,49,54
41,50,50
41,51,46
41,52,42
41,53,37
41,54,34
41,55,30
41,56,26
41,57,23
41,58,19
41,59,16
41,60,14
41,61,11
41,62,9
41,63,6
41,64,4
41,65,3
41,66,1
41,67,0
41,68,0
41,69,0
41,70,0
41,71,1
41,72,2
41,73,3
41,74,5
41,75,7
41,76,9
41,77,12
41,78,15
41,79,19
41,80,24
41,81,29
41,82,35
41,83,42
41,84,49
41,85,56
41,86,63
41,87,70
41,88,77
41,89,84
41,90,92
41,91,100
41,92,109
41,93,117
41,94,125
41,95,132
41,96,138
41,97,144
41,98,149
41,99,154
42,0,130
42,1,126
42,2,122
42,3,118
42,4,114
42,5,111
42,6,109
42,7,108
42,8,108
42,9,109
42,10,110
42,11,111
42,12,111
42,13,112
42,14,114
42,15,115
42,16,115
42,17,116
42,18,117
42,19,119
42,20,121
42,21,123
42,22,126
42,23,128
42,24,129
42,25,131
42,26,132
42,27,132
42,28,131
42,29,130
42,30,127
42,31,124
42,32,120
42,33,117
42,34,114
42,35,111
42,36,108
42,37,105
42,38,102
42,39,98
42,40,94
42,41,90
42,42,85
42,43,81
42,44,77
42,45,73
42,46,70
42,47,66
42,48,63
42,49,59
42,50,55
42,51,50
42,52,46
42,53,42
42,54,38
42,55,34
42,56,30
42,57,26
42,58,23
42,59,19
42,60,16
42,61,13
42,62,10
42,63,8
42,64,5
42,65,3
42,66,1
42,67,0
42,68,0
42,69,0
42,70,0
42,71,1
42,72,2
42,73,3
42,74,5
42,75,8
42,76,10
42,77,13
42,78,17
42,79,21
42,80,26
42,81,32
42,82,39
42,83,46
42,84,53
42,85,61
42,86,68
42,87,75
42,88,82
42,89,90
42,90,97
42,91,106
42,92,114
42,93,122
42,94,129
42,95,136
42,96,142
42,97,148
42,98,153
42,99,157
43,0,132
43,1,127
43,2,123
43,3,119
43,4,116
43,5,112
43,6,110
43,7,109
43,8,109
43,9,110
43,10,111
43,11,112
43,12,112
43,13,113
43,14,115
43,15,116
43,16,117
43,17,117
43,18,118
43,19,120
43,20,123
43,21,125
43,22,128
43,23,130
43,24,132
43,25,133
43,26,134
43,27,135
43,28,134
43,29,132
43,30,129
43,31,126
43,32,123
43,33,119
43,34,116
43,35,114
43,36,111
43,37,109
43,38,106
43,39,102
43,40,98
43,41,94
43,42,89
43,43,85
43,44,81
43,45,78
43,46,74
43,47,71
43,48,67
43,49,63
43,50,59
43,51,55
43,52,51
43,53,46
43,54,42
43,55,38
43,56,34
43,57,30
43,58,26
43,59,22
43,60,19
43,61,15
43,62,12
43,63,9
43,64,6
43,65,4
43,66,2
43,67,0
43,68,0
43,69,0
43,70,0
43,71,1
43,72,2
43,73,4
43,74,6
43,75,8
43,76,11
43,77,14
43,78,18
43,79,23
43,80,28
43,81,35
43,82,41
43,83,49
43,84,57
43,85,65
43,86,72
43,87,79
43,88,87
43,89,94
43,90,102
43,91,110
43,92,119
43,93,126
43,94,133
43,95,140
43,96,145
43,97,151
43,98,156
43,99,160
44,0,133
44,1,129
44,2,125
44,3,121
44,4,117
44,5,114
44,6,111
44,7,110
44,8,110
44,9,111
44,10,111
44,11,112
44,12,113
44,13,114
44,14,116
44,15,117
44,16,118
44,17,119
44,18,120
44,19,122
44,20,125
44,21,127
44,22,130
44,23,133
44,24,135
44,25,136
44,26,137
44,27,137
44,28,137
44,29,135
44,30,132
44,31,129
44,32,126
44,33,122
44,34,119
44,35,117
44,36,114
44,37,112
44,38,109
44,39,105
44,40,101
44,41,97
44,42,93
44,43,89
44,44,85
44,45,82
44,46,78
44,47,75
44,48,71
44,49,67
44,50,63
44,51,59
44,52,54
44,53,50
44,54,46
44,55,41
44,56,37
44,57,33
44,58,29
44,59,25
44,60,21
44,61,18
44,62,14
44,63,11
44,64,7
44,65,5
44,66,2
44,67,1
44,68,0
44,69,0
44,70,0
44,71,1
44,72,2
44,73,4
44,74,6
44,75,9
44,76,12
44,77,15
44,78,19
44,79,24
44,80,30
44,81,37
44,82,44
44,83,52
44,84,60
44,85,67
44,86,75
44,87,83
44,88,90
44,89,98
44,90,106
44,91,114
44,92,123
44,93,130
44,94,137
44,95,143
44,96,149
44,97,153
44,98,158
44,99,161
45,0,133
45,1,130
45,2,126
45,3,122
45,4,119
45,5,116
45,6,113
45,7,111
45,8,111
45,9,111
45,10,112
45,11,113
45,12,114
45,13,115
45,14,117
45,15,119
45,16,120
45,17,120
45,18,121
45,19,124
45,20,127
45,21,130
45,22,133
45,23,136
45,24,138
45,25,140
45,26,140
45,27,141
45,28,140
45,29,138
45,30,136
45,31,133
45,32,129
45,33,126
45,34,123
45,35,120
45,36,117
45,37,115
45,38,112
45,39,108
45,40,105
45,41,101
45,42,97
45,43,93
45,44,89
45,45,86
45,46,82
45,47,79
45,48,75
45,49,71
45,50,66
45,51,62
45,52,58
45,53,53
45,54,49
45,55,44
45,56,40
45,57,35
45,58,31
45,59,27
45,60,23
45,61,20
45,62,16
45,63,12
45,64,9
45,65,5
45,66,3
45,67,1
45,68,0
45,69,0
45,70,0
45,71,0
45,72,2
45,73,4
45,74,6
45,75,9
45,76,12
45,77,16
45,78,20
45,79,26
45,80,33
45,81,40
45,82,47
45,83,54
45,84,62
45,85,70
45,86,77
45,87,85
45,88,93
45,89,101
45,90,109
45,91,118
45,92,126
45,93,134
45,94,141
45,95,147
45,96,152
45,97,156
45,98,160
45,99,162
46,0,133
46,1,130
46,2,126
46,3,123
46,4,120
46,5,117
46,6,114
46,7,112
46,8,111
46,9,111
46,10,112
46,11,113
46,12,115
46,13,117
46,14,119
46,15,120
46,16,121
46,17,122
46,18,123
46,19,125
46,20,129
46,21,132
46,22,136
46,23,139
46,24,141
46,25,143
46,26,144
46,27,144
46,28,143
46,29,141
46,30,139
46,31,136
46,32,133
46,33,130
46,34,127
46,35,124
46,36,121
46,37,118
46,38,115
46,39,111
46,40,108
46,41,104
46,42,101
46,43,97
46,44,93
46,45,89
46,46,86
46,47,82
46,48,78
46,49,74
46,50,70
46,51,65
46,52,61
46,53,57
46,54,52
46,55,47
46,56,42
46,57,38
46,58,33
46,59,29
46,60,25
46,61,22
46,62,18
46,63,14
46,64,10
46,65,6
46,66,3
46,67,1
46,68,0
46,69,0
46,70,0
46,71,0
46,72,2
46,73,4
46,74,6
46,75,9
46,76,13
46,77,17
46,78,22
46,79,28
46,80,35
46,81,42
46,82,50
46,83,57
46,84,64
46,85,71
46,86,79
46,87,87
46,88,95
46,89,104
46,90,112
46,91,120
46,92,128
46,93,137
46,94,144
46,95,150
46,96,155
46,97,158
46,98,161
46,99,163
47,0,133
47,1,129
47,2,126
47,3,123
47,4,121
47,5,118
47,6,115
47,7,113
47,8,112
47,9,111
47,10,112
47,11,114
47,12,116
47,13,118
47,14,120
47,15,122
47,16,123
47,17,124
47,18,125
47,19,127
47,20,131
47,21,135
47,22,139
47,23,142
47,24,145
47,25,146
47,26,147
47,27,147
47,28,146
47,29,144
47,30,142
47,31,139
47,32,136
47,33,133
47,34,130
47,35,127
47,36,124
47,37,121
47,38,117
47,39,114
47,40,111
47,41,108
47,42,104
47,43,100
47,44,97
47,45,93
47,46,90
47,47,86
47,48,81
47,49,77
47,50,73
47,51,68
47,52,64
47,53,60
47,54,55
47,55,50
47,56,45
47,57,40
47,58,36
47,59,32
47,60,28
47,61,24
47,62,19
47,63,15
47,64,11
47,65,7
47,66,4
47,67,2
47,68,0
47,69,0
47,70,0
47,71,0
47,72,2
47,73,4
47,74,6
47,75,10
47,76,14
47,77,18
47,78,23
47,79,30
47,80,37
47,81,45
47,82,52
47,83,59
47,84,66
47,85,73
47,86,81
47,87,89
47,88,97
47,89,105
47,90,114
47,91,122
47,92,130
47,93,139
47,94,146
47,95,152
47,96,156
47,97,159
47,98,162
47,99,163
48,0,132
48,1,128
48,2,125
48,3,123
48,4,121
48,5,118
48,6,116
48,7,114
48,8,112
48,9,112
48,10,113
48,11,115
48,12,117
48,13,119
48,14,122
48,15,124
48,16,125
48,17,126
48,18,127
48,19,129
48,20,133
48,21,137
48,22,141
48,23,145
48,24,147
48,25,149
48,26,150
48,27,149
48,28,148
48,29,146
48,30,144
48,31,142
48,32,139
48,33,136
48,34,133
48,35,130
48,36,127
48,37,124
48,38,120
48,39,118
48,40,114
48,41,111
48,42,108
48,43,104
48,44,100
48,45,97
48,46,93
48,47,89
48,48,84
48,49,80
48,50,75
48,51,71
48,52,67
48,53,62
48,54,57
48,55,52
48,56,47
48,57,43
48,58,38
48,59,34
48,60,30
48,61,26
48,62,21
48,63,17
48,64,12
48,65,8
48,66,5
48,67,2
48,68,1
48,69,0
48,70,0
48,71,0
48,72,1
48,73,4
48,74,7
48,75,10
48,76,14
48,77,19
48,78,25
48,79,32
48,80,39
48,81,47
48,82,54
48,83,61
48,84,68
48,85,75
48,86,82
48,87,90
48,88,98
48,89,107
48,90,115
48,91,122
48,92,131
48,93,139
48,94,146
48,95,152
48,96,157
48,97,159
48,98,161
48,99,163
49,0,131
49,1,127
49,2,124
49,3,122
49,4,120
49,5,118
49,6,116
49,7,114
49,8,113
49,9,113
49,10,114
49,11,115
49,12,118
49,13,120
49,14,123
49,15,125
49,16,126
49,17,127
49,18,129
49,19,131
49,20,135
49,21,139
49,22,143
49,23,146
49,24,149
49,25,151
49,26,151
49,27,151
49,28,150
49,29,148
49,30,146
49,31,143
49,32,140
49,33,137
49,34,135
49,35,132
49,36,129
49,37,126
49,38,124
49,39,121
49,40,118
49,41,115
49,42,111
49,43,108
49,44,104
49,45,100
49,46,96
49,47,92
49,48,87
49,49,82
49,50,78
49,51,73
49,52,69
49,53,65
49,54,60
49,55,55
49,56,51
49,57,46
49,58,41
49,59,37
49,60,32
49,61,28
49,62,23
49,63,18
49,64,14
49,65,10
49,66,6
49,67,3
49,68,1
49,69,0
49,70,0
49,71,0
49,72,1
49,73,4
49,74,7
49,75,11
49,76,15
49,77,20
49,78,26
49,79,33
49,80,41
49,81,48
49,82,55
49,83,62
49,84,69
49,85,76
49,86,83
49,87,91
49,88,99
49,89,107
49,90,115
49,91,122
49,92,130
49,93,138
49,94,145
49,95,151
49,96,155
49,97,158
49,98,160
49,99,161
50,0,129
50,1,126
50,2,123
50,3,121
50,4,119
50,5,118
50,6,116
50,7,114
50,8,113
50,9,113
50,10,114
50,11,116
50,12,118
50,13,121
50,14,123
50,15,125
50,16,127
50,17,129
50,18,130
50,19,133
50,20,137
50,21,141
50,22,144
50,23,148
50,24,150
50,25,152
50,26,152
50,27,152
50,28,151
50,29,149
50,30,147
50,31,144
50,32,141
50,33,138
50,34,135
50,35,133
50,36,131
50,37,129
50,38,126
50,39,124
50,40,121
50,41,118
50,42,114
50,43,111
50,44,107
50,45,103
50,46,99
50,47,94
50,48,89
50,49,84
50,50,79
50,51,75
50,52,71
50,53,67
50,54,62
50,55,58
50,56,54
50,57,49
50,58,45
50,59,40
50,60,35
50,61,29
50,62,25
50,63,20
50,64,15
50,65,11
50,66,7
50,67,4
50,68,2
50,69,0
50,70,0
50,71,0
50,72,1
50,73,4
50,74,7
50,75,11
50,76,16
50,77,21
50,78,27
50,79,34
50,80,41
50,81,49
50,82,56
50,83,63
50,84,70
50,85,77
50,86,84
50,87,91
50,88,99
50,89,106
50,90,113
50,91,121
50,92,128
50,93,135
50,94,142
50,95,148
50,96,152
50,97,155
50,98,157
50,99,159
51,0,129
51,1,125
51,2,123
51,3,121
51,4,119
51,5,117
51,6,115
51,7,114
51,8,114
51,9,114
51,10,115
51,11,117
51,12,119
51,13,121
51,14,124
51,15,126
51,16,128
51,17,130
51,18,132
51,19,135
51,20,138
51,21,142
51,22,145
51,23,149
51,24,151
51,25,152
51,26,153
51,27,152
51,28,151
51,29,149
51,30,147
51,31,144
51,32,141
51,33,138
51,34,136
51,35,134
51,36,132
51,37,131
51,38,129
51,39,126
51,40,123
51,41,120
51,42,117
51,43,113
51,44,110
51,45,105
51,46,101
51,47,96
51,48,91
51,49,86
51,50,81
51,51,77
51,52,73
51,53,69
51,54,65
51,55,61
51,56,57
51,57,53
51,58,48
51,59,43
51,60,37
51,61,31
51,62,26
51,63,21
51,64,17
51,65,12
51,66,8
51,67,5
51,68,2
51,69,0
51,70,0
51,71,0
51,72,1
51,73,4
51,74,7
51,75,12
51,76,16
51,77,22
51,78,28
51,79,34
51,80,41
51,81,48
51,82,55
51,83,62
51,84,69
51,85,76
51,86,83
51,87,90
51,88,97
51,89,104
51,90,111
51,91,118
51,92,125
51,93,132
51,94,138
51,95,144
51,96,148
51,97,151
51,98,154
51,99,155
52,0,128
52,1,125
52,2,122
52,3,120
52,4,119
52,5,117
52,6,116
52,7,114
52,8,114
52,9,114
52,10,116
52,11,118
52,12,120
52,13,122
52,14,124
52,15,127
52,16,129
52,17,131
52,18,133
52,19,136
52,20,140
52,21,143
52,22,146
52,23,149
52,24,151
52,25,152
52,26,153
52,27,152
52,28,151
52,29,149
52,30,146
52,31,143
52,32,140
52,33,137
52,34,135
52,35,134
52,36,133
52,37,131
52,38,130
52,39,128
52,40,125
52,41,122
52,42,119
52,43,115
52,44,112
52,45,108
52,46,103
52,47,98
52,48,93
52,49,88
52,50,83
52,51,79
52,52,75
52,53,71
52,54,67
52,55,64
52,56,60
52,57,56
52,58,51
52,59,45
52,60,39
52,61,33
52,62,28
52,63,23
52,64,18
52,65,14
52,66,9
52,67,6
52,68,3
52,69,1
52,70,0
52,71,0
52,72,1
52,73,3
52,74,7
52,75,11
52,76,16
52,77,22
52,78,27
52,79,33
52,80,40
52,81,47
52,82,54
52,83,61
52,84,68
52,85,75
52,86,82
52,87,88
52,88,95
52,89,101
52,90,108
52,91,115
52,92,121
52,93,128
52,94,134
52,95,139
52,96,144
52,97,147
52,98,150
52,99,152
53,0,129
53,1,125
53,2,123
53,3,121
53,4,119
53,5,117
53,6,116
53,7,115
53,8,115
53,9,115
53,10,117
53,11,119
53,12,121
53,13,123
53,14,125
53,15,128
53,16,130
53,17,133
53,18,135
53,19,138
53,20,141
53,21,144
53,22,146
53,23,149
53,24,151
53,25,152
53,26,152
53,27,151
53,28,150
53,29,147
53,30,145
53,31,142
53,32,139
53,33,136
53,34,134
53,35,133
53,36,132
53,37,131
53,38,130
53,39,128
53,40,125
53,41,122
53,42,119
53,43,116
53,44,113
53,45,109
53,46,105
53,47,100
53,48,95
53,49,91
53,50,86
53,51,82
53,52,78
53,53,74
53,54,71
53,55,67
53,56,64
53,57,59
53,58,54
53,59,48
53,60,42
53,61,36
53,62,30
53,63,25
53,64,20
53,65,15
53,66,10
53,67,6
53,68,3
53,69,1
53,70,0
53,71,0
53,72,1
53,73,3
53,74,6
53,75,11
53,76,16
53,77,21
53,78,27
53,79,33
53,80,39
53,81,46
53,82,53
53,83,59
53,84,66
53,85,72
53,86,79
53,87,85
53,88,91
53,89,97
53,90,104
53,91,110
53,92,117
53,93,123
53,94,129
53,95,135
53,96,139
53,97,143
53,98,146
53,99,148
54,0,129
54,1,126
54,2,123
54,3,121
54,4,119
54,5,118
54,6,116
54,7,116
54,8,116
54,9,117
54,10,118
54,11,120
54,12,122
54,13,124
54,14,126
54,15,129
54,16,131
54,17,134
54,18,136
54,19,139
54,20,142
54,21,144
54,22,147
54,23,149
54,24,150
54,25,150
54,26,150
54,27,149
54,28,147
54,29,145
54,30,143
54,31,140
54,32,137
54,33,135
54,34,133
54,35,132
54,36,131
54,37,130
54,38,129
54,39,127
54,40,125
54,41,122
54,42,120
54,43,117
54,44,114
54,45,110
54,46,107
54,47,103
54,48,98
54,49,94
54,50,90
54,51,86
54,52,82
54,53,78
54,54,74
54,55,70
54,56,66
54,57,62
54,58,57
54,59,51
54,60,45
54,61,39
54,62,33
54,63,28
54,64,22
54,65,16
54,66,11
54,67,7
54,68,4
54,69,1
54,70,0
54,71,0
54,72,0
54,73,3
54,74,6
54,75,10
54,76,15
54,77,21
54,78,26
54,79,32
54,80,38
54,81,44
54,82,51
54,83,57
54,84,62
54,85,68
54,86,74
54,87,81
54,88,87
54,89,93
54,90,99
54,91,106
54,92,112
54,93,118
54,94,124
54,95,129
54,96,133
54,97,138
54,98,141
54,99,144
55,0,130
55,1,126
55,2,124
55,3,121
55,4,119
55,5,118
55,6,117
55,7,117
55,8,117
55,9,118
55,10,120
55,11,122
55,12,123
55,13,125
55,14,127
55,15,129
55,16,132
55,17,135
55,18,138
55,19,141
55,20,143
55,21,145
55,22,147
55,23,148
55,24,149
55,25,149
55,26,148
55,27,147
55,28,145
55,29,142
55,30,140
55,31,137
55,32,135
55,33,132
55,34,131
55,35,130
55,36,129
55,37,129
55,38,128
55,39,126
55,40,124
55,41,122
55,42,119
55,43,117
55,44,114
55,45,111
55,46,108
55,47,105
55,48,102
55,49,98
55,50,94
55,51,89
55,52,85
55,53,81
55,54,77
55,55,73
55,56,69
55,57,65
55,58,60
55,59,54
55,60,48
55,61,43
55,62,37
55,63,30
55,64,24
55,65,18
55,66,12
55,67,8
55,68,4
55,69,2
55,70,0
55,71,0
55,72,0
55,73,2
55,74,5
55,75,10
55,76,15
55,77,20
55,78,25
55,79,31
55,80,37
55,81,42
55,82,48
55,83,53
55,84,59
55,85,64
55,86,69
55,87,75
55,88,82
55,89,88
55,90,94
55,91,101
55,92,106
55,93,112
55,94,117
55,95,122
55,96,127
55,97,132
55,98,136
55,99,140
56,0,131
56,1,127
56,2,124
56,3,122
56,4,120
56,5,118
56,6,117
56,7,117
56,8,118
56,9,120
56,10,122
56,11,123
56,12,124
56,13,125
56,14,127
56,15,130
56,16,133
56,17,136
56,18,139
56,19,142
56,20,144
56,21,145
56,22,146
56,23,147
56,24,147
56,25,147
56,26,146
56,27,144
56,28,142
56,29,139
56,30,137
56,31,134
56,32,132
56,33,130
56,34,129
56,35,128
56,36,128
56,37,127
56,38,126
56,39,125
56,40,123
56,41,121
56,42,118
56,43,116
56,44,114
56,45,112
56,46,110
56,47,107
56,48,104
56,49,101
56,50,97
56,51,93
56,52,88
56,53,84
56,54,80
56,55,76
56,56,72
56,57,67
56,58,62
56,59,57
56,60,52
56,61,46
56,62,40
56,63,33
56,64,26
56,65,19
56,66,13
56,67,9
56,68,5
56,69,2
56,70,0
56,71,0
56,72,0
56,73,2
56,74,5
56,75,9
56,76,14
56,77,19
56,78,24
56,79,29
56,80,35
56,81,40
56,82,45
56,83,50
56,84,54
56,85,59
56,86,64
56,87,70
56,88,76
56,89,83
56,90,89
56,91,95
56,92,100
56,93,105
56,94,110
56,95,115
56,96,120
56,97,126
56,98,130
56,99,135
57,0,132
57,1,128
57,2,125
57,3,122
57,4,120
57,5,118
57,6,118
57,7,118
57,8,119
57,9,121
57,10,123
57,11,124
57,12,125
57,13,126
57,14,127
57,15,130
57,16,133
57,17,137
57,18,140
57,19,142
57,20,144
57,21,144
57,22,145
57,23,145
57,24,145
57,25,144
57,26,143
57,27,141
57,28,139
57,29,136
57,30,134
57,31,131
57,32,129
57,33,127
57,34,126
57,35,126
57,36,125
57,37,125
57,38,125
57,39,124
57,40,122
57,41,120
57,42,118
57,43,115
57,44,113
57,45,112
57,46,111
57,47,109
57,48,107
57,49,104
57,50,100
57,51,96
57,52,92
57,53,88
57,54,83
57,55,79
57,56,74
57,57,70
57,58,65
57,59,60
57,60,54
57,61,49
57,62,42
57,63,35
57,64,28
57,65,21
57,66,15
57,67,9
57,68,5
57,69,3
57,70,1
57,71,0
57,72,0
57,73,1
57,74,4
57,75,8
57,76,13
57,77,18
57,78,23
57,79,27
57,80,32
57,81,37
57,82,42
57,83,46
57,84,50
57,85,54
57,86,58
57,87,64
57,88,70
57,89,76
57,90,83
57,91,88
57,92,93
57,93,98
57,94,103
57,95,108
57,96,113
57,97,119
57,98,124
57,99,129
58,0,133
58,1,129
58,2,126
58,3,123
58,4,121
58,5,119
58,6,118
58,7,119
58,8,120
58,9,122
58,10,123
58,11,125
58,12,125
58,13,127
58,14,128
58,15,131
58,16,134
58,17,137
58,18,140
58,19,142
58,20,143
58,21,143
58,22,143
58,23,143
58,24,142
58,25,141
58,26,140
58,27,138
58,28,135
58,29,133
58,30,131
58,31,128
58,32,126
58,33,125
58,34,124
58,35,123
58,36,123
58,37,123
58,38,123
58,39,122
58,40,121
58,41,119
58,42,117
58,43,115
58,44,113
58,45,112
58,46,111
58,47,110
58,48,108
58,49,106
58,50,103
58,51,99
58,52,95
58,53,91
58,54,87
58,55,82
58,56,78
58,57,73
58,58,68
58,59,63
58,60,57
58,61,51
58,62,45
58,63,38
58,64,30
58,65,23
58,66,16
58,67,10
58,68,6
58,69,3
58,70,1
58,71,0
58,72,0
58,73,1
58,74,3
58,75,7
58,76,12
58,77,16
58,78,21
58,79,25
58,80,30
58,81,34
58,82,38
58,83,42
58,84,45
58,85,49
58,86,53
58,87,58
58,88,64
58,89,70
58,90,76
58,91,81
58,92,86
58,93,91
58,94,96
58,95,101
58,96,106
58,97,112
58,98,118
58,99,123
59,0,134
59,1,131
59,2,127
59,3,124
59,4,122
59,5,120
59,6,119
59,7,119
59,8,120
59,9,121
59,10,123
59,11,125
59,12,126
59,13,127
59,14,129
59,15,131
59,16,134
59,17,137
59,18,139
59,19,141
59,20,142
59,21,141
59,22,141
59,23,140
59,24,139
59,25,138
59,26,137
59,27,135
59,28,133
59,29,131
59,30,128
59,31,126
59,32,124
59,33,122
59,34,121
59,35,121
59,36,121
59,37,121
59,38,121
59,39,120
59,40,119
59,41,118
59,42,117
59,43,115
59,44,114
59,45,113
59,46,112
59,47,111
59,48,110
59,49,108
59,50,105
59,51,101
59,52,97
59,53,94
59,54,90
59,55,85
59,56,81
59,57,76
59,58,71
59,59,66
59,60,60
59,61,54
59,62,47
59,63,39
59,64,32
59,65,24
59,66,17
59,67,12
59,68,7
59,69,4
59,70,1
59,71,0
59,72,0
59,73,0
59,74,3
59,75,6
59,76,10
59,77,14
59,78,19
59,79,23
59,80,27
59,81,31
59,82,34
59,83,38
59,84,41
59,85,45
59,86,49
59,87,54
59,88,59
59,89,65
59,90,70
59,91,75
59,92,80
59,93,85
59,94,90
59,95,95
59,96,101
59,97,106
59,98,112
59,99,117
60,0,136
60,1,132
60,2,128
60,3,125
60,4,123
60,5,121
60,6,120
60,7,119
60,8,119
60,9,121
60,10,122
60,11,124
60,12,126
60,13,128
60,14,130
60,15,132
60,16,135
60,17,137
60,18,139
60,19,140
60,20,140
60,21,140
60,22,138
60,23,137
60,24,136
60,25,135
60,26,134
60,27,133
60,28,132
60,29,129
60,30,127
60,31,124
60,32,122
60,33,121
60,34,120
60,35,119
60,36,119
60,37,119
60,38,119
60,39,119
60,40,118
60,41,118
60,42,117
60,43,116
60,44,114
60,45,114
60,46,113
60,47,112
60,48,111
60,49,109
60,50,107
60,51,103
60,52,100
60,53,96
60,54,92
60,55,88
60,56,84
60,57,80
60,58,74
60,59,68
60,60,62
60,61,55
60,62,48
60,63,41
60,64,33
60,65,26
60,66,19
60,67,13
60,68,8
60,69,5
60,70,2
60,71,0
60,72,0
60,73,0
60,74,2
60,75,5
60,76,9
60,77,13
60,78,17
60,79,20
60,80,24
60,81,27
60,82,31
60,83,34
60,84,38
60,85,42
60,86,46
60,87,50
60,88,55
60,89,60
60,90,65
60,91,70
60,92,75
60,93,80
60,94,85
60,95,90
60,96,96
60,97,101
60,98,106
60,99,111
61,0,136
61,1,132
61,2,129
61,3,126
61,4,123
61,5,121
61,6,120
61,7,119
61,8,119
61,9,120
61,10,121
61,11,124
61,12,126
61,13,129
61,14,131
61,15,133
61,16,135
61,17,137
61,18,138
61,19,139
61,20,139
61,21,138
61,22,137
61,23,135
61,24,134
61,25,133
61,26,133
61,27,132
61,28,131
61,29,128
61,30,126
61,31,123
61,32,121
61,33,120
61,34,119
61,35,118
61,36,118
61,37,118
61,38,118
61,39,118
61,40,118
61,41,118
61,42,118
61,43,117
61,44,116
61,45,115
61,46,114
61,47,113
61,48,112
61,49,110
61,50,108
61,51,105
61,52,101
61,53,97
61,54,94
61,55,91
61,56,87
61,57,82
61,58,77
61,59,71
61,60,64
61,61,57
61,62,49
61,63,42
61,64,35
61,65,27
61,66,20
61,67,14
61,68,9
61,69,6
61,70,3
61,71,1
61,72,0
61,73,0
61,74,1
61,75,4
61,76,8
61,77,11
61,78,15
61,79,18
61,80,21
61,81,24
61,82,28
61,83,31
61,84,35
61,85,39
61,86,43
61,87,47
61,88,51
61,89,56
61,90,61
61,91,66
61,92,71
61,93,76
61,94,81
61,95,86
61,96,92
61,97,97
61,98,102
61,99,106
62,0,136
62,1,132
62,2,128
62,3,125
62,4,122
62,5,121
62,6,119
62,7,118
62,8,118
62,9,119
62,10,121
62,11,123
62,12,126
62,13,128
62,14,131
62,15,133
62,16,135
62,17,136
62,18,137
62,19,138
62,20,138
62,21,137
62,22,136
62,23,134
62,24,133
62,25,132
62,26,132
62,27,131
62,28,130
62,29,128
62,30,125
62,31,123
62,32,120
62,33,119
62,34,118
62,35,118
62,36,117
62,37,117
62,38,117
62,39,118
62,40,118
62,41,119
62,42,119
62,43,118
62,44,117
62,45,116
62,46,115
62,47,114
62,48,113
62,49,111
62,50,109
62,51,106
62,52,102
62,53,99
62,54,95
62,55,92
62,56,88
62,57,84
62,58,79
62,59,72
62,60,65
62,61,58
62,62,51
62,63,43
62,64,36
62,65,28
62,66,21
62,67,15
62,68,10
62,69,6
62,70,3
62,71,1
62,72,0
62,73,0
62,74,1
62,75,3
62,76,7
62,77,10
62,78,13
62,79,16
62,80,19
62,81,22
62,82,26
62,83,29
62,84,33
62,85,37
62,86,40
62,87,44
62,88,48
62,89,53
62,90,58
62,91,62
62,92,67
62,93,72
62,94,78
62,95,83
62,96,88
62,97,93
62,98,97
62,99,102
63,0,134
63,1,130
63,2,127
63,3,124
63,4,121
63,5,119
63,6,118
63,7,118
63,8,118
63,9,118
63,10,120
63,11,122
63,12,125
63,13,127
63,14,130
63,15,132
63,16,134
63,17,135
63,18,136
63,19,137
63,20,137
63,21,136
63,22,135
63,23,133
63,24,132
63,25,131
63,26,131
63,27,130
63,28,129
63,29,127
63,30,124
63,31,122
63,32,120
63,33,118
63,34,118
63,35,117
63,36,117
63,37,117
63,38,117
63,39,118
63,40,118
63,41,119
63,42,119
63,43,118
63,44,117
63,45,117
63,46,116
63,47,115
63,48,114
63,49,112
63,50,110
63,51,107
63,52,103
63,53,100
63,54,96
63,55,93
63,56,89
63,57,84
63,58,79
63,59,73
63,60,66
63,61,59
63,62,52
63,63,44
63,64,37
63,65,29
63,66,22
63,67,16
63,68,11
63,69,7
63,70,4
63,71,1
63,72,0
63,73,0
63,74,1
63,75,3
63,76,5
63,77,9
63,78,12
63,79,14
63,80,17
63,81,20
63,82,24
63,83,27
63,84,30
63,85,34
63,86,38
63,87,41
63,88,46
63,89,50
63,90,54
63,91,59
63,92,64
63,93,69
63,94,74
63,95,79
63,96,84
63,97,89
63,98,93
63,99,97
64,0,133
64,1,129
64,2,125
64,3,122
64,4,119
64,5,118
64,6,117
64,7,117
64,8,117
64,9,118
64,10,119
64,11,121
64,12,124
64,13,126
64,14,128
64,15,130
64,16,132
64,17,133
64,18,134
64,19,134
64,20,135
64,21,134
64,22,134
64,23,133
64,24,132
64,25,131
64,26,130
64,27,129
64,28,127
64,29,125
64,30,122
64,31,120
64,32,118
64,33,117
64,34,117
64,35,116
64,36,116
64,37,117
64,38,117
64,39,117
64,40,118
64,41,119
64,42,119
64,43,119
64,44,118
64,45,117
64,46,116
64,47,115
64,48,115
64,49,113
64,50,110
64,51,107
64,52,104
64,53,100
64,54,96
64,55,92
64,56,88
64,57,84
64,58,78
64,59,73
64,60,66
64,61,60
64,62,53
64,63,45
64,64,38
64,65,30
64,66,23
64,67,17
64,68,11
64,69,7
64,70,4
64,71,2
64,72,0
64,73,0
64,74,0
64,75,2
64,76,4
64,77,7
64,78,10
64,79,13
64,80,15
64,81,18
64,82,22
64,83,25
64,84,28
64,85,31
64,86,35
64,87,38
64,88,42
64,89,46
64,90,51
64,91,55
64,92,60
64,93,65
64,94,70
64,95,75
64,96,80
64,97,84
64,98,89
64,99,93
65,0,132
65,1,128
65,2,124
65,3,120
65,4,118
65,5,116
65,6,115
65,7,116
65,8,116
65,9,117
65,10,118
65,11,120
65,12,122
65,13,124
65,14,126
65,15,128
65,16,130
65,17,130
65,18,131
65,19,131
65,20,132
65,21,132
65,22,132
65,23,132
65,24,131
65,25,130
65,26,129
65,27,127
65,28,124
65,29,122
65,30,120
65,31,118
65,32,117
65,33,116
65,34,116
65,35,116
65,36,116
65,37,116
65,38,116
65,39,117
65,40,118
65,41,119
65,42,119
65,43,119
65,44,118
65,45,117
65,46,117
65,47,116
65,48,115
65,49,113
65,50,111
65,51,108
65,52,104
65,53,100
65,54,96
65,55,92
65,56,88
65,57,83
65,58,78
65,59,72
65,60,67
65,61,61
65,62,54
65,63,46
65,64,38
65,65,31
65,66,23
65,67,17
65,68,12
65,69,8
65,70,5
65,71,2
65,72,0
65,73,0
65,74,0
65,75,1
65,76,3
65,77,5
65,78,8
65,79,11
65,80,14
65,81,16
65,82,19
65,83,22
65,84,25
65,85,29
65,86,32
65,87,35
65,88,39
65,89,43
65,90,47
65,91,52
65,92,56
65,93,61
65,94,66
65,95,71
65,96,76
65,97,80
65,98,84
65,99,88
66,0,131
66,1,127
66,2,123
66,3,119
66,4,116
66,5,115
66,6,114
66,7,114
66,8,115
66,9,116
66,10,117
66,11,118
66,12,120
66,13,122
66,14,124
66,15,126
66,16,127
66,17,127
66,18,128
66,19,128
66,20,129
66,21,130
66,22,130
66,23,131
66,24,130
66,25,129
66,26,127
66,27,125
66,28,122
66,29,120
66,30,118
66,31,117
66,32,115
66,33,115
66,34,115
66,35,115
66,36,115
66,37,115
66,38,116
66,39,117
66,40,118
66,41,119
66,42,119
66,43,119
66,44,118
66,45,118
66,46,118
66,47,117
66,48,116
66,49,114
66,50,111
66,51,108
66,52,104
66,53,100
66,54,96
66,55,92
66,56,87
66,57,82
66,58,77
66,59,72
66,60,67
66,61,61
66,62,55
66,63,47
66,64,39
66,65,31
66,66,24
66,67,18
66,68,13
66,69,9
66,70,5
66,71,2
66,72,1
66,73,0
66,74,0
66,75,0
66,76,2
66,77,4
66,78,6
66,79,9
66,80,11
66,81,14
66,82,17
66,83,20
66,84,23
66,85,26
66,86,29
66,87,32
66,88,36
66,89,40
66,90,44
66,91,48
66,92,52
66,93,57
66,94,62
66,95,67
66,96,71
66,97,76
66,98,80
66,99,84
67,0,131
67,1,126
67,2,122
67,3,119
67,4,116
67,5,114
67,6,113
67,7,113
67,8,114
67,9,115
67,10,115
67,11,116
67,12,117
67,13,119
67,14,121
67,15,122
67,16,123
67,17,124
67,18,124
67,19,125
67,20,126
67,21,127
67,22,128
67,23,128
67,24,128
67,25,127
67,26,125
67,27,123
67,28,120
67,29,118
67,30,117
67,31,115
67,32,114
67,33,114
67,34,114
67,35,114
67,36,114
67,37,115
67,38,116
67,39,117
67,40,118
67,41,119
67,42,120
67,43,120
67,44,119
67,45,119
67,46,119
67,47,118
67,48,117
67,49,115
67,50,113
67,51,109
67,52,105
67,53,101
67,54,97
67,55,92
67,56,87
67,57,82
67,58,77
67,59,72
67,60,67
67,61,62
67,62,55
67,63,48
67,64,40
67,65,32
67,66,25
67,67,19
67,68,13
67,69,9
67,70,6
67,71,3
67,72,1
67,73,0
67,74,0
67,75,0
67,76,1
67,77,3
67,78,5
67,79,7
67,80,9
67,81,12
67,82,15
67,83,17
67,84,20
67,85,23
67,86,26
67,87,29
67,88,33
67,89,36
67,90,40
67,91,44
67,92,49
67,93,53
67,94,58
67,95,62
67,96,67
67,97,71
67,98,75
67,99,79
68,0,131
68,1,127
68,2,123
68,3,119
68,4,116
68,5,114
68,6,113
68,7,112
68,8,112
68,9,112
68,10,112
68,11,113
68,12,114
68,13,115
68,14,117
68,15,118
68,16,120
68,17,120
68,18,120
68,19,121
68,20,122
68,21,123
68,22,124
68,23,125
68,24,125
68,25,124
68,26,123
68,27,121
68,28,119
68,29,117
68,30,115
68,31,114
68,32,114
68,33,113
68,34,113
68,35,114
68,36,114
68,37,115
68,38,116
68,39,117
68,40,119
68,41,120
68,42,121
68,43,121
68,44,120
68,45,120
68,46,120
68,47,119
68,48,118
68,49,117
68,50,114
68,51,111
68,52,107
68,53,103
68,54,98
68,55,93
68,56,88
68,57,83
68,58,78
68,59,73
68,60,68
68,61,62
68,62,56
68,63,48
68,64,40
68,65,33
68,66,25
68,67,19
68,68,15
68,69,10
68,70,7
68,71,4
68,72,2
68,73,0
68,74,0
68,75,0
68,76,0
68,77,2
68,78,3
68,79,5
68,80,7
68,81,10
68,82,12
68,83,15
68,84,17
68,85,20
68,86,23
68,87,26
68,88,29
68,89,33
68,90,37
68,91,41
68,92,45
68,93,49
68,94,54
68,95,58
68,96,62
68,97,66
68,98,71
68,99,74
69,0,131
69,1,127
69,2,124
69,3,120
69,4,117
69,5,114
69,6,113
69,7,112
69,8,111
69,9,110
69,10,109
69,11,110
69,12,110
69,13,111
69,14,113
69,15,114
69,16,115
69,17,116
69,18,116
69,19,117
69,20,118
69,21,119
69,22,120
69,23,120
69,24,120
69,25,120
69,26,120
69,27,119
69,28,117
69,29,116
69,30,115
69,31,114
69,32,113
69,33,113
69,34,113
69,35,114
69,36,114
69,37,115
69,38,116
69,39,117
69,40,119
69,41,121
69,42,122
69,43,122
69,44,122
69,45,122
69,46,121
69,47,121
69,48,120
69,49,119
69,50,116
69,51,113
69,52,109
69,53,105
69,54,100
69,55,95
69,56,90
69,57,84
69,58,79
69,59,74
69,60,69
69,61,63
69,62,56
69,63,49
69,64,41
69,65,34
69,66,27
69,67,21
69,68,16
69,69,12
69,70,8
69,71,5
69,72,3
69,73,1
69,74,0
69,75,0
69,76,0
69,77,1
69,78,2
69,79,4
69,80,6
69,81,8
69,82,10
69,83,12
69,84,14
69,85,16
69,86,19
69,87,22
69,88,25
69,89,29
69,90,33
69,91,37
69,92,40
69,93,44
69,94,48
69,95,53
69,96,57
69,97,61
69,98,65
69,99,70
70,0,132
70,1,128
70,2,124
70,3,121
70,4,118
70,5,115
70,6,113
70,7,111
70,8,109
70,9,108
70,10,107
70,11,106
70,12,107
70,13,108
70,14,109
70,15,110
70,16,112
70,17,112
70,18,113
70,19,114
70,20,115
70,21,115
70,22,116
70,23,116
70,24,116
70,25,117
70,26,117
70,27,117
70,28,116
70,29,115
70,30,114
70,31,113
70,32,113
70,33,114
70,34,114
70,35,114
70,36,114
70,37,115
70,38,116
70,39,118
70,40,120
70,41,122
70,42,123
70,43,123
70,44,123
70,45,123
70,46,123
70,47,122
70,48,121
70,49,120
70,50,118
70,51,115
70,52,112
70,53,107
70,54,102
70,55,97
70,56,91
70,57,86
70,58,80
70,59,74
70,60,69
70,61,63
70,62,57
70,63,50
70,64,42
70,65,35
70,66,28
70,67,22
70,68,17
70,69,13
70,70,10
70,71,6
70,72,4
70,73,2
70,74,0
70,75,0
70,76,0
70,77,0
70,78,1
70,79,2
70,80,4
70,81,6
70,82,7
70,83,9
70,84,11
70,85,13
70,86,15
70,87,18
70,88,21
70,89,25
70,90,28
70,91,32
70,92,36
70,93,39
70,94,43
70,95,47
70,96,51
70,97,55
70,98,60
70,99,64
71,0,133
71,1,129
71,2,125
71,3,122
71,4,119
71,5,116
71,6,113
71,7,110
71,8,108
71,9,106
71,10,104
71,11,104
71,12,104
71,13,105
71,14,106
71,15,107
71,16,108
71,17,109
71,18,110
71,19,111
71,20,112
71,21,112
71,22,112
71,23,112
71,24,113
71,25,114
71,26,114
71,27,115
71,28,114
71,29,113
71,30,113
71,31,113
71,32,113
71,33,114
71,34,114
71,35,114
71,36,114
71,37,115
71,38,116
71,39,118
71,40,120
71,41,122
71,42,124
71,43,125
71,44,125
71,45,125
71,46,124
71,47,124
71,48,123
71,49,122
71,50,120
71,51,117
71,52,113
71,53,109
71,54,104
71,55,98
71,56,92
71,57,86
71,58,80
71,59,75
71,60,69
71,61,63
71,62,57
71,63,50
71,64,43
71,65,36
71,66,29
71,67,24
71,68,19
71,69,15
71,70,12
71,71,8
71,72,5
71,73,3
71,74,1
71,75,0
71,76,0
71,77,0
71,78,0
71,79,1
71,80,2
71,81,4
71,82,5
71,83,6
71,84,8
71,85,10
71,86,12
71,87,14
71,88,17
71,89,20
71,90,24
71,91,27
71,92,30
71,93,34
71,94,37
71,95,40
71,96,44
71,97,49
71,98,53
71,99,57
72,0,134
72,1,130
72,2,126
72,3,123
72,4,119
72,5,116
72,6,113
72,7,109
72,8,107
72,9,104
72,10,102
72,11,101
72,12,101
72,13,102
72,14,103
72,15,104
72,16,105
72,17,106
72,18,107
72,19,108
72,20,109
72,21,109
72,22,109
72,23,109
72,24,110
72,25,111
72,26,112
72,27,113
72,28,113
72,29,112
72,30,112
72,31,112
72,32,112
72,33,113
72,34,114
72,35,114
72,36,114
72,37,115
72,38,116
72,39,118
72,40,121
72,41,123
72,42,125
72,43,125
72,44,126
72,45,126
72,46,125
72,47,125
72,48,124
72,49,123
72,50,121
72,51,118
72,52,114
72,53,109
72,54,104
72,55,98
72,56,92
72,57,86
72,58,80
72,59,74
72,60,69
72,61,63
72,62,57
72,63,51
72,64,44
72,65,37
72,66,31
72,67,26
72,68,22
72,69,18
72,70,14
72,71,10
72,72,7
72,73,5
72,74,2
72,75,1
72,76,0
72,77,0
72,78,0
72,79,0
72,80,1
72,81,2
72,82,3
72,83,4
72,84,5
72,85,7
72,86,8
72,87,11
72,88,13
72,89,16
72,90,19
72,91,22
72,92,25
72,93,28
72,94,31
72,95,34
72,96,38
72,97,42
72,98,46
72,99,50
73,0,135
73,1,132
73,2,128
73,3,124
73,4,120
73,5,116
73,6,113
73,7,109
73,8,106
73,9,103
73,10,100
73,11,99
73,12,99
73,13,99
73,14,99
73,15,101
73,16,102
73,17,103
73,18,104
73,19,105
73,20,106
73,21,106
73,22,106
73,23,107
73,24,107
73,25,109
73,26,110
73,27,111
73,28,111
73,29,111
73,30,111
73,31,111
73,32,111
73,33,112
73,34,113
73,35,114
73,36,114
73,37,115
73,38,117
73,39,119
73,40,121
73,41,123
73,42,125
73,43,126
73,44,126
73,45,126
73,46,126
73,47,126
73,48,125
73,49,124
73,50,121
73,51,118
73,52,114
73,53,109
73,54,104
73,55,98
73,56,92
73,57,86
73,58,79
73,59,73
73,60,68
73,61,62
73,62,57
73,63,51
73,64,45
73,65,39
73,66,34
73,67,29
73,68,25
73,69,21
73,70,17
73,71,13
73,72,10
73,73,7
73,74,4
73,75,2
73,76,1
73,77,0
73,78,0
73,79,0
73,80,0
73,81,0
73,82,1
73,83,2
73,84,3
73,85,4
73,86,5
73,87,7
73,88,9
73,89,12
73,90,14
73,91,17
73,92,20
73,93,22
73,94,25
73,95,28
73,96,32
73,97,35
73,98,39
73,99,43
74,0,137
74,1,133
74,2,129
74,3,125
74,4,121
74,5,117
74,6,113
74,7,109
74,8,105
74,9,102
74,10,99
74,11,97
74,12,96
74,13,95
74,14,96
74,15,97
74,16,99
74,17,100
74,18,101
74,19,102
74,20,103
74,21,103
74,22,104
74,23,104
74,24,105
74,25,107
74,26,108
74,27,110
74,28,110
74,29,110
74,30,110
74,31,110
74,32,110
74,33,111
74,34,112
74,35,113
74,36,115
74,37,116
74,38,118
74,39,120
74,40,122
74,41,124
74,42,125
74,43,125
74,44,126
74,45,127
74,46,128
74,47,127
74,48,126
74,49,125
74,50,122
74,51,118
74,52,114
74,53,109
74,54,104
74,55,98
74,56,91
74,57,85
74,58,79
74,59,73
74,60,67
74,61,61
74,62,56
74,63,51
74,64,46
74,65,42
74,66,37
74,67,33
74,68,29
74,69,24
74,70,20
74,71,16
74,72,13
74,73,9
74,74,7
74,75,4
74,76,2
74,77,1
74,78,0
74,79,0
74,80,0
74,81,0
74,82,0
74,83,1
74,84,1
74,85,2
74,86,3
74,87,4
74,88,6
74,89,8
74,90,10
74,91,12
74,92,15
74,93,17
74,94,20
74,95,23
74,96,26
74,97,29
74,98,32
74,99,36
75,0,138
75,1,134
75,2,130
75,3,126
75,4,122
75,5,117
75,6,113
75,7,109
75,8,105
75,9,101
75,10,98
75,11,96
75,12,94
75,13,93
75,14,93
75,15,94
75,16,96
75,17,97
75,18,99
75,19,99
75,20,100
75,21,101
75,22,101
75,23,102
75,24,103
75,25,105
75,26,107
75,27,109
75,28,109
75,29,109
75,30,109
75,31,109
75,32,109
75,33,109
75,34,111
75,35,113
75,36,115
75,37,117
75,38,119
75,39,121
75,40,123
75,41,124
75,42,125
75,43,126
75,44,127
75,45,128
75,46,129
75,47,129
75,48,128
75,49,126
75,50,123
75,51,119
75,52,114
75,53,109
75,54,104
75,55,98
75,56,92
75,57,85
75,58,79
75,59,72
75,60,66
75,61,61
75,62,56
75,63,51
75,64,48
75,65,44
75,66,41
75,67,37
75,68,32
75,69,28
75,70,24
75,71,20
75,72,16
75,73,12
75,74,9
75,75,6
75,76,4
75,77,2
75,78,1
75,79,0
75,80,0
75,81,0
75,82,0
75,83,0
75,84,0
75,85,1
75,86,1
75,87,2
75,88,4
75,89,5
75,90,7
75,91,9
75,92,11
75,93,13
75,94,15
75,95,18
75,96,20
75,97,23
75,98,26
75,99,29
76,0,138
76,1,134
76,2,130
76,3,126
76,4,122
76,5,117
76,6,113
76,7,108
76,8,104
76,9,100
76,10,97
76,11,94
76,12,92
76,13,91
76,14,91
76,15,92
76,16,94
76,17,95
76,18,97
76,19,97
76,20,98
76,21,99
76,22,99
76,23,100
76,24,101
76,25,103
76,26,105
76,27,107
76,28,108
76,29,109
76,30,108
76,31,108
76,32,108
76,33,109
76,34,111
76,35,113
76,36,115
76,37,118
76,38,120
76,39,123
76,40,124
76,41,125
76,42,125
76,43,126
76,44,128
76,45,129
76,46,130
76,47,130
76,48,129
76,49,127
76,50,124
76,51,120
76,52,115
76,53,110
76,54,105
76,55,99
76,56,93
76,57,86
76,58,80
76,59,73
76,60,67
76,61,61
76,62,57
76,63,53
76,64,50
76,65,47
76,66,44
76,67,40
76,68,36
76,69,32
76,70,27
76,71,23
76,72,19
76,73,15
76,74,12
76,75,9
76,76,6
76,77,4
76,78,2
76,79,1
76,80,0
76,81,0
76,82,0
76,83,0
76,84,0
76,85,0
76,86,0
76,87,1
76,88,2
76,89,3
76,90,4
76,91,6
76,92,7
76,93,9
76,94,11
76,95,13
76,96,16
76,97,18
76,98,21
76,99,24
77,0,138
77,1,134
77,2,130
77,3,126
77,4,121
77,5,117
77,6,112
77,7,108
77,8,103
77,9,99
77,10,96
77,11,93
77,12,91
77,13,90
77,14,90
77,15,91
77,16,93
77,17,94
77,18,95
77,19,96
77,20,97
77,21,98
77,22,98
77,23,99
77,24,100
77,25,102
77,26,104
77,27,106
77,28,108
77,29,108
77,30,108
77,31,108
77,32,108
77,33,109
77,34,110
77,35,113
77,36,116
77,37,118
77,38,121
77,39,123
77,40,125
77,41,126
77,42,127
77,43,128
77,44,129
77,45,131
77,46,132
77,47,132
77,48,131
77,49,129
77,50,126
77,51,122
77,52,117
77,53,112
77,54,107
77,55,101
77,56,94
77,57,88
77,58,81
77,59,75
77,60,69
77,61,63
77,62,58
77,63,55
77,64,52
77,65,49
77,66,46
77,67,43
77,68,39
77,69,35
77,70,30
77,71,26
77,72,22
77,73,18
77,74,14
77,75,11
77,76,8
77,77,6
77,78,4
77,79,2
77,80,1
77,81,0
77,82,0
77,83,0
77,84,0
77,85,0
77,86,0
77,87,0
77,88,1
77,89,1
77,90,2
77,91,4
77,92,5
77,93,7
77,94,8
77,95,10
77,96,12
77,97,15
77,98,17
77,99,19
78,0,137
78,1,133
78,2,129
78,3,125
78,4,121
78,5,117
78,6,112
78,7,107
78,8,102
78,9,98
78,10,94
78,11,92
78,12,90
78,13,89
78,14,89
78,15,91
78,16,92
78,17,93
78,18,94
78,19,95
78,20,96
78,21,97
78,22,98
78,23,99
78,24,100
78,25,102
78,26,104
78,27,106
78,28,107
78,29,107
78,30,107
78,31,107
78,32,107
78,33,108
78,34,110
78,35,113
78,36,116
78,37,119
78,38,122
78,39,124
78,40,126
78,41,127
78,42,128
78,43,130
78,44,131
78,45,133
78,46,134
78,47,135
78,48,134
78,49,132
78,50,129
78,51,125
78,52,121
78,53,116
78,54,110
78,55,103
78,56,97
78,57,90
78,58,83
78,59,77
78,60,71
78,61,66
78,62,61
78,63,57
78,64,54
78,65,52
78,66,49
78,67,45
78,68,41
78,69,37
78,70,33
78,71,28
78,72,24
78,73,20
78,74,16
78,75,13
78,76,10
78,77,8
78,78,5
78,79,3
78,80,2
78,81,1
78,82,0
78,83,0
78,84,0
78,85,0
78,86,0
78,87,0
78,88,0
78,89,0
78,90,1
78,91,2
78,92,3
78,93,5
78,94,6
78,95,8
78,96,10
78,97,12
78,98,14
78,99,16
79,0,135
79,1,131
79,2,128
79,3,124
79,4,121
79,5,116
79,6,111
79,7,106
79,8,101
79,9,97
79,10,93
79,11,91
79,12,90
79,13,89
79,14,89
79,15,90
79,16,91
79,17,92
79,18,93
79,19,94
79,20,95
79,21,96
79,22,98
79,23,99
79,24,101
79,25,102
79,26,104
79,27,106
79,28,107
79,29,107
79,30,107
79,31,107
79,32,107
79,33,108
79,34,111
79,35,113
79,36,116
79,37,120
79,38,123
79,39,125
79,40,128
79,41,129
79,42,131
79,43,132
79,44,134
79,45,136
79,46,137
79,47,137
79,48,136
79,49,135
79,50,132
79,51,129
79,52,124
79,53,119
79,54,113
79,55,106
79,56,99
79,57,92
79,58,86
79,59,80
79,60,74
79,61,69
79,62,64
79,63,60
79,64,57
79,65,54
79,66,51
79,67,47
79,68,43
79,69,39
79,70,35
79,71,31
79,72,27
79,73,23
79,74,19
79,75,15
79,76,12
79,77,10
79,78,7
79,79,5
79,80,3
79,81,2
79,82,1
79,83,1
79,84,0
79,85,0
79,86,0
79,87,0
79,88,0
79,89,0
79,90,0
79,91,1
79,92,2
79,93,3
79,94,4
79,95,6
79,96,7
79,97,9
79,98,11
79,99,13
80,0,133
80,1,129
80,2,126
80,3,123
80,4,120
80,5,116
80,6,111
80,7,106
80,8,101
80,9,96
80,10,93
80,11,90
80,12,89
80,13,89
80,14,89
80,15,89
80,16,90
80,17,91
80,18,92
80,19,93
80,20,94
80,21,96
80,22,98
80,23,99
80,24,101
80,25,103
80,26,105
80,27,106
80,28,107
80,29,108
80,30,108
80,31,107
80,32,107
80,33,109
80,34,111
80,35,114
80,36,117
80,37,121
80,38,124
80,39,127
80,40,130
80,41,132
80,42,134
80,43,135
80,44,137
80,45,139
80,46,140
80,47,141
80,48,140
80,49,138
80,50,136
80,51,132
80,52,128
80,53,123
80,54,117
80,55,110
80,56,102
80,57,96
80,58,89
80,59,83
80,60,78
80,61,72
80,62,68
80,63,63
80,64,60
80,65,57
80,66,53
80,67,50
80,68,46
80,69,42
80,70,38
80,71,33
80,72,29
80,73,25
80,74,21
80,75,18
80,76,15
80,77,12
80,78,9
80,79,7
80,80,5
80,81,4
80,82,3
80,83,2
80,84,1
80,85,1
80,86,0
80,87,0
80,88,0
80,89,0
80,90,0
80,91,0
80,92,1
80,93,2
80,94,3
80,95,4
80,96,6
80,97,7
80,98,9
80,99,11
81,0,131
81,1,127
81,2,124
81,3,122
81,4,119
81,5,116
81,6,111
81,7,106
81,8,101
81,9,96
81,10,93
81,11,90
81,12,89
81,13,88
81,14,88
81,15,88
81,16,89
81,17,89
81,18,90
81,19,91
81,20,93
81,21,95
81,22,97
81,23,99
81,24,102
81,25,104
81,26,105
81,27,107
81,28,108
81,29,108
81,30,108
81,31,108
81,32,108
81,33,109
81,34,111
81,35,115
81,36,118
81,37,122
81,38,126
81,39,129
81,40,132
81,41,135
81,42,137
81,43,139
81,44,141
81,45,143
81,46,144
81,47,144
81,48,143
81,49,142
81,50,139
81,51,136
81,52,132
81,53,127
81,54,121
81,55,114
81,56,106
81,57,99
81,58,93
81,59,87
81,60,82
81,61,76
81,62,72
81,63,67
81,64,63
81,65,60
81,66,56
81,67,52
81,68,48
81,69,44
81,70,40
81,71,36
81,72,32
81,73,28
81,74,24
81,75,21
81,76,17
81,77,14
81,78,11
81,79,9
81,80,7
81,81,5
81,82,4
81,83,3
81,84,2
81,85,1
81,86,1
81,87,0
81,88,0
81,89,0
81,90,0
81,91,0
81,92,0
81,93,1
81,94,2
81,95,3
81,96,4
81,97,5
81,98,7
81,99,9
82,0,129
82,1,125
82,2,123
82,3,120
82,4,118
82,5,114
82,6,110
82,7,106
82,8,101
82,9,96
82,10,93
82,11,90
82,12,88
82,13,87
82,14,86
82,15,86
82,16,86
82,17,87
82,18,88
82,19,90
82,20,91
82,21,94
82,22,96
82,23,99
82,24,101
82,25,104
82,26,106
82,27,107
82,28,108
82,29,109
82,30,109
82,31,108
82,32,109
82,33,110
82,34,113
82,35,116
82,36,120
82,37,124
82,38,128
82,39,132
82,40,136
82,41,138
82,42,141
82,43,143
82,44,145
82,45,147
82,46,148
82,47,148
82,48,147
82,49,145
82,50,143
82,51,139
82,52,135
82,53,131
82,54,125
82,55,118
82,56,111
82,57,104
82,58,98
82,59,92
82,60,87
82,61,81
82,62,76
82,63,71
82,64,67
82,65,63
82,66,59
82,67,55
82,68,51
82,69,47
82,70,43
82,71,39
82,72,35
82,73,31
82,74,27
82,75,23
82,76,20
82,77,17
82,78,14
82,79,11
82,80,9
82,81,7
82,82,6
82,83,5
82,84,4
82,85,3
82,86,2
82,87,1
82,88,0
82,89,0
82,90,0
82,91,0
82,92,0
82,93,0
82,94,1
82,95,2
82,96,3
82,97,4
82,98,5
82,99,7
83,0,127
83,1,123
83,2,120
83,3,118
83,4,115
83,5,112
83,6,109
83,7,105
83,8,101
83,9,97
83,10,93
83,11,90
83,12,87
83,13,85
83,14,84
83,15,84
83,16,84
83,17,85
83,18,87
83,19,89
83,20,91
83,21,93
83,22,96
83,23,99
83,24,101
83,25,104
83,26,106
83,27,107
83,28,108
83,29,109
83,30,109
83,31,110
83,32,110
83,33,112
83,34,115
83,35,118
83,36,122
83,37,127
83,38,131
83,39,135
83,40,139
83,41,142
83,42,145
83,43,147
83,44,149
83,45,151
83,46,152
83,47,153
83,48,151
83,49,149
83,50,146
83,51,143
83,52,138
83,53,134
83,54,128
83,55,122
83,56,116
83,57,110
83,58,104
83,59,98
83,60,92
83,61,86
83,62,81
83,63,76
83,64,71
83,65,67
83,66,63
83,67,58
83,68,54
83,69,50
83,70,45
83,71,41
83,72,37
83,73,33
83,74,30
83,75,26
83,76,23
83,77,19
83,78,16
83,79,13
83,80,11
83,81,9
83,82,7
83,83,6
83,84,5
83,85,4
83,86,3
83,87,1
83,88,1
83,89,0
83,90,0
83,91,0
83,92,0
83,93,0
83,94,0
83,95,1
83,96,2
83,97,3
83,98,4
83,99,5
84,0,124
84,1,121
84,2,117
84,3,115
84,4,112
84,5,109
84,6,106
84,7,103
84,8,100
84,9,96
84,10,93
84,11,90
84,12,86
84,13,84
84,14,82
84,15,81
84,16,82
84,17,84
84,18,86
84,19,88
84,20,91
84,21,93
84,22,96
84,23,98
84,24,101
84,25,104
84,26,106
84,27,108
84,28,109
84,29,109
84,30,110
84,31,111
84,32,112
84,33,114
84,34,117
84,35,121
84,36,125
84,37,129
84,38,134
84,39,139
84,40,143
84,41,146
84,42,149
84,43,151
84,44,154
84,45,156
84,46,157
84,47,157
84,48,156
84,49,153
84,50,150
84,51,146
84,52,141
84,53,137
84,54,132
84,55,126
84,56,121
84,57,115
84,58,109
84,59,103
84,60,97
84,61,91
84,62,85
84,63,80
84,64,75
84,65,71
84,66,66
84,67,61
84,68,57
84,69,52
84,70,48
84,71,44
84,72,40
84,73,36
84,74,33
84,75,29
84,76,26
84,77,22
84,78,19
84,79,16
84,80,13
84,81,11
84,82,9
84,83,8
84,84,7
84,85,5
84,86,4
84,87,2
84,88,1
84,89,0
84,90,0
84,91,0
84,92,0
84,93,0
84,94,0
84,95,0
84,96,1
84,97,2
84,98,3
84,99,4
85,0,122
85,1,118
85,2,115
85,3,112
85,4,109
85,5,106
85,6,104
85,7,102
85,8,99
85,9,96
85,10,93
85,11,89
85,12,86
85,13,83
85,14,81
85,15,80
85,16,81
85,17,83
85,18,85
85,19,88
85,20,91
85,21,93
85,22,96
85,23,99
85,24,102
85,25,105
85,26,107
85,27,109
85,28,110
85,29,110
85,30,111
85,31,113
85,32,114
85,33,117
85,34,120
85,35,123
85,36,127
85,37,132
85,38,137
85,39,142
85,40,146
85,41,150
85,42,153
85,43,155
85,44,158
85,45,160
85,46,161
85,47,161
85,48,160
85,49,157
85,50,153
85,51,149
85,52,144
85,53,140
85,54,135
85,55,130
85,56,125
85,57,120
85,58,114
85,59,108
85,60,101
85,61,95
85,62,90
85,63,84
85,64,79
85,65,74
85,66,70
85,67,65
85,68,60
85,69,55
85,70,51
85,71,47
85,72,43
85,73,39
85,74,36
85,75,32
85,76,29
85,77,25
85,78,22
85,79,18
85,80,16
85,81,13
85,82,11
85,83,10
85,84,8
85,85,7
85,86,5
85,87,3
85,88,2
85,89,1
85,90,0
85,91,0
85,92,0
85,93,0
85,94,0
85,95,0
85,96,0
85,97,1
85,98,2
85,99,3
86,0,119
86,1,116
86,2,112
86,3,109
86,4,106
86,5,104
86,6,102
86,7,100
86,8,98
86,9,95
86,10,92
86,11,88
86,12,85
86,13,82
86,14,80
86,15,80
86,16,81
86,17,83
86,18,86
86,19,89
86,20,91
86,21,94
86,22,97
86,23,100
86,24,103
86,25,106
86,26,108
86,27,110
86,28,111
86,29,112
86,30,113
86,31,114
86,32,116
86,33,119
86,34,122
86,35,126
86,36,130
86,37,135
86,38,140
86,39,145
86,40,149
86,41,153
86,42,156
86,43,158
86,44,161
86,45,163
86,46,164
86,47,164
86,48,163
86,49,160
86,50,156
86,51,151
86,52,147
86,53,142
86,54,138
86,55,133
86,56,128
86,57,123
86,58,117
86,59,111
86,60,105
86,61,99
86,62,93
86,63,88
86,64,83
86,65,78
86,66,73
86,67,68
86,68,64
86,69,59
86,70,55
86,71,50
86,72,46
86,73,43
86,74,39
86,75,35
86,76,32
86,77,28
86,78,25
86,79,21
86,80,19
86,81,16
86,82,14
86,83,12
86,84,10
86,85,9
86,86,7
86,87,4
86,88,3
86,89,1
86,90,0
86,91,0
86,92,0
86,93,0
86,94,0
86,95,0
86,96,0
86,97,0
86,98,1
86,99,2
87,0,117
87,1,113
87,2,110
87,3,106
87,4,104
87,5,102
87,6,100
87,7,98
87,8,96
87,9,93
87,10,90
87,11,88
87,12,85
87,13,83
87,14,81
87,15,81
87,16,82
87,17,84
87,18,87
87,19,89
87,20,92
87,21,95
87,22,98
87,23,101
87,24,104
87,25,107
87,26,110
87,27,111
87,28,112
87,29,113
87,30,115
87,31,116
87,32,118
87,33,121
87,34,124
87,35,128
87,36,133
87,37,138
87,38,143
87,39,148
87,40,152
87,41,156
87,42,159
87,43,161
87,44,163
87,45,165
87,46,166
87,47,166
87,48,164
87,49,162
87,50,158
87,51,154
87,52,150
87,53,146
87,54,141
87,55,136
87,56,131
87,57,126
87,58,120
87,59,114
87,60,108
87,61,102
87,62,97
87,63,91
87,64,87
87,65,82
87,66,77
87,67,72
87,68,68
87,69,63
87,70,59
87,71,54
87,72,50
87,73,46
87,74,43
87,75,39
87,76,36
87,77,32
87,78,28
87,79,25
87,80,22
87,81,19
87,82,16
87,83,14
87,84,12
87,85,10
87,86,8
87,87,6
87,88,4
87,89,2
87,90,1
87,91,0
87,92,0
87,93,0
87,94,0
87,95,0
87,96,0
87,97,0
87,98,0
87,99,1
88,0,115
88,1,111
88,2,107
88,3,104
88,4,102
88,5,100
88,6,98
88,7,96
88,8,94
88,9,91
88,10,89
88,11,87
88,12,85
88,13,84
88,14,83
88,15,82
88,16,83
88,17,85
88,18,88
88,19,90
88,20,93
88,21,96
88,22,99
88,23,102
88,24,105
88,25,108
88,26,110
88,27,112
88,28,113
88,29,114
88,30,116
88,31,118
88,32,121
88,33,124
88,34,127
88,35,131
88,36,136
88,37,141
88,38,146
88,39,151
88,40,155
88,41,158
88,42,161
88,43,163
88,44,165
88,45,167
88,46,167
88,47,167
88,48,165
88,49,163
88,50,160
88,51,157
88,52,153
88,53,149
88,54,144
88,55,139
88,56,133
88,57,128
88,58,122
88,59,116
88,60,111
88,61,105
88,62,100
88,63,95
88,64,90
88,65,86
88,66,81
88,67,77
88,68,72
88,69,67
88,70,63
88,71,58
88,72,54
88,73,50
88,74,47
88,75,43
88,76,39
88,77,35
88,78,32
88,79,28
88,80,25
88,81,22
88,82,19
88,83,16
88,84,14
88,85,12
88,86,9
88,87,7
88,88,5
88,89,3
88,90,2
88,91,1
88,92,0
88,93,0
88,94,0
88,95,0
88,96,0
88,97,0
88,98,0
88,99,0
89,0,113
89,1,109
89,2,106
89,3,102
89,4,100
89,5,98
89,6,96
89,7,94
89,8,92
89,9,90
89,10,88
89,11,86
89,12,85
89,13,85
89,14,84
89,15,84
89,16,85
89,17,87
89,18,89
89,19,91
89,20,94
89,21,97
89,22,100
89,23,103
89,24,106
89,25,109
89,26,111
89,27,113
89,28,114
89,29,115
89,30,117
89,31,120
89,32,123
89,33,127
89,34,130
89,35,134
89,36,139
89,37,144
89,38,149
89,39,153
89,40,157
89,41,160
89,42,163
89,43,165
89,44,166
89,45,168
89,46,168
89,47,167
89,48,166
89,49,164
89,50,162
89,51,159
89,52,156
89,53,151
89,54,146
89,55,141
89,56,135
89,57,129
89,58,124
89,59,118
89,60,112
89,61,107
89,62,102
89,63,98
89,64,94
89,65,90
89,66,86
89,67,81
89,68,77
89,69,72
89,70,67
89,71,62
89,72,58
89,73,54
89,74,50
89,75,47
89,76,43
89,77,39
89,78,35
89,79,31
89,80,28
89,81,24
89,82,21
89,83,19
89,84,16
89,85,13
89,86,10
89,87,8
89,88,6
89,89,4
89,90,2
89,91,1
89,92,1
89,93,0
89,94,0
89,95,0
89,96,0
89,97,0
89,98,0
89,99,0
90,0,112
90,1,108
90,2,104
90,3,101
90,4,98
90,5,96
90,6,95
90,7,93
90,8,91
90,9,89
90,10,87
90,11,86
90,12,86
90,13,86
90,14,86
90,15,86
90,16,87
90,17,88
90,18,90
90,19,93
90,20,95
90,21,98
90,22,101
90,23,104
90,24,107
90,25,110
90,26,112
90,27,113
90,28,115
90,29,116
90,30,119
90,31,122
90,32,126
90,33,129
90,34,133
90,35,137
90,36,142
90,37,146
90,38,151
90,39,156
90,40,159
90,41,162
90,42,164
90,43,166
90,44,168
90,45,168
90,46,168
90,47,168
90,48,166
90,49,165
90,50,163
90,51,161
90,52,158
90,53,153
90,54,148
90,55,142
90,56,136
90,57,130
90,58,124
90,59,119
90,60,113
90,61,109
90,62,104
90,63,100
90,64,96
90,65,93
90,66,89
90,67,85
90,68,81
90,69,76
90,70,71
90,71,66
90,72,62
90,73,58
90,74,54
90,75,50
90,76,46
90,77,43
90,78,39
90,79,35
90,80,31
90,81,27
90,82,24
90,83,21
90,84,18
90,85,15
90,86,12
90,87,9
90,88,7
90,89,5
90,90,3
90,91,2
90,92,1
90,93,1
90,94,0
90,95,0
90,96,0
90,97,0
90,98,0
90,99,0
91,0,110
91,1,107
91,2,103
91,3,100
91,4,97
91,5,95
91,6,94
91,7,92
91,8,90
91,9,88
91,10,86
91,11,86
91,12,86
91,13,86
91,14,87
91,15,87
91,16,87
91,17,89
91,18,91
91,19,94
91,20,96
91,21,99
91,22,102
91,23,105
91,24,108
91,25,111
91,26,113
91,27,114
91,28,116
91,29,118
91,30,121
91,31,124
91,32,128
91,33,132
91,34,135
91,35,140
91,36,144
91,37,149
91,38,153
91,39,158
91,40,161
91,41,163
91,42,165
91,43,167
91,44,169
91,45,169
91,46,169
91,47,168
91,48,167
91,49,165
91,50,164
91,51,162
91,52,158
91,53,154
91,54,148
91,55,142
91,56,136
91,57,130
91,58,124
91,59,119
91,60,114
91,61,109
91,62,105
91,63,101
91,64,98
91,65,95
91,66,92
91,67,88
91,68,84
91,69,79
91,70,74
91,71,70
91,72,65
91,73,61
91,74,57
91,75,54
91,76,50
91,77,46
91,78,42
91,79,38
91,80,34
91,81,30
91,82,26
91,83,23
91,84,19
91,85,16
91,86,13
91,87,10
91,88,8
91,89,5
91,90,4
91,91,2
91,92,2
91,93,1
91,94,1
91,95,0
91,96,0
91,97,0
91,98,0
91,99,0
92,0,110
92,1,106
92,2,102
92,3,99
92,4,97
92,5,95
92,6,94
92,7,92
92,8,90
92,9,88
92,10,87
92,11,86
92,12,86
92,13,87
92,14,87
92,15,87
92,16,88
92,17,89
92,18,91
92,19,94
92,20,97
92,21,100
92,22,103
92,23,106
92,24,109
92,25,112
92,26,114
92,27,116
92,28,118
92,29,120
92,30,123
92,31,126
92,32,130
92,33,134
92,34,137
92,35,142
92,36,146
92,37,151
92,38,155
92,39,159
92,40,162
92,41,164
92,42,166
92,43,168
92,44,169
92,45,170
92,46,170
92,47,169
92,48,168
92,49,166
92,50,164
92,51,161
92,52,157
92,53,153
92,54,147
92,55,142
92,56,136
92,57,130
92,58,124
92,59,118
92,60,113
92,61,108
92,62,104
92,63,101
92,64,99
92,65,96
92,66,94
92,67,91
92,68,87
92,69,83
92,70,78
92,71,73
92,72,69
92,73,65
92,74,61
92,75,57
92,76,53
92,77,49
92,78,45
92,79,41
92,80,37
92,81,33
92,82,29
92,83,25
92,84,21
92,85,18
92,86,14
92,87,11
92,88,9
92,89,6
92,90,4
92,91,3
92,92,2
92,93,2
92,94,1
92,95,1
92,96,0
92,97,0
92,98,0
92,99,0
93,0,110
93,1,106
93,2,103
93,3,100
93,4,97
93,5,96
93,6,94
93,7,93
93,8,91
93,9,89
93,10,87
93,11,87
93,12,87
93,13,87
93,14,88
93,15,88
93,16,89
93,17,90
93,18,92
93,19,94
93,20,97
93,21,100
93,22,104
93,23,107
93,24,111
93,25,114
93,26,116
93,27,119
93,28,121
93,29,123
93,30,126
93,31,129
93,32,132
93,33,135
93,34,139
93,35,143
93,36,148
93,37,153
93,38,157
93,39,161
93,40,164
93,41,165
93,42,167
93,43,169
93,44,170
93,45,171
93,46,171
93,47,170
93,48,168
93,49,166
93,50,163
93,51,160
93,52,155
93,53,151
93,54,145
93,55,140
93,56,135
93,57,129
93,58,123
93,59,117
93,60,112
93,61,107
93,62,104
93,63,101
93,64,99
93,65,97
93,66,95
93,67,92
93,68,89
93,69,85
93,70,81
93,71,76
93,72,72
93,73,68
93,74,63
93,75,59
93,76,55
93,77,51
93,78,48
93,79,44
93,80,39
93,81,35
93,82,31
93,83,27
93,84,23
93,85,19
93,86,16
93,87,13
93,88,10
93,89,7
93,90,5
93,91,4
93,92,3
93,93,2
93,94,2
93,95,1
93,96,1
93,97,1
93,98,0
93,99,0
94,0,110
94,1,107
94,2,103
94,3,101
94,4,98
94,5,97
94,6,95
94,7,94
94,8,92
94,9,90
94,10,89
94,11,88
94,12,88
94,13,88
94,14,89
94,15,89
94,16,90
94,17,91
94,18,92
94,19,94
94,20,97
94,21,101
94,22,105
94,23,109
94,24,113
94,25,116
94,26,119
94,27,121
94,28,124
94,29,127
94,30,129
94,31,131
94,32,133
94,33,136
94,34,140
94,35,144
94,36,149
94,37,154
94,38,158
94,39,162
94,40,164
94,41,166
94,42,167
94,43,168
94,44,170
94,45,170
94,46,170
94,47,169
94,48,167
94,49,165
94,50,161
94,51,157
94,52,153
94,53,148
94,54,143
94,55,138
94,56,133
94,57,128
94,58,122
94,59,116
94,60,110
94,61,105
94,62,102
94,63,100
94,64,98
94,65,97
94,66,95
94,67,93
94,68,90
94,69,86
94,70,82
94,71,78
94,72,74
94,73,69
94,74,65
94,75,60
94,76,56
94,77,53
94,78,49
94,79,46
94,80,42
94,81,37
94,82,33
94,83,29
94,84,25
94,85,21
94,86,17
94,87,14
94,88,11
94,89,9
94,90,7
94,91,5
94,92,4
94,93,3
94,94,3
94,95,2
94,96,2
94,97,1
94,98,1
94,99,1
95,0,111
95,1,108
95,2,104
95,3,102
95,4,100
95,5,98
95,6,97
95,7,95
95,8,93
95,9,92
95,10,90
95,11,90
95,12,89
95,13,90
95,14,90
95,15,91
95,16,91
95,17,92
95,18,93
95,19,95
95,20,99
95,21,103
95,22,107
95,23,111
95,24,115
95,25,118
95,26,121
95,27,124
95,28,127
95,29,129
95,30,132
95,31,133
95,32,135
95,33,138
95,34,141
95,35,146
95,36,151
95,37,155
95,38,159
95,39,162
95,40,164
95,41,166
95,42,167
95,43,168
95,44,169
95,45,169
95,46,169
95,47,168
95,48,166
95,49,163
95,50,159
95,51,154
95,52,149
95,53,144
95,54,140
95,55,135
95,56,130
95,57,125
95,58,119
95,59,113
95,60,108
95,61,103
95,62,100
95,63,98
95,64,96
95,65,95
95,66,94
95,67,92
95,68,89
95,69,86
95,70,82
95,71,78
95,72,74
95,73,70
95,74,65
95,75,61
95,76,57
95,77,53
95,78,50
95,79,47
95,80,43
95,81,39
95,82,35
95,83,30
95,84,26
95,85,22
95,86,19
95,87,16
95,88,13
95,89,10
95,90,8
95,91,7
95,92,5
95,93,4
95,94,4
95,95,3
95,96,2
95,97,2
95,98,2
95,99,1
96,0,112
96,1,109
96,2,105
96,3,103
96,4,101
96,5,99
96,6,97
96,7,96
96,8,94
96,9,92
96,10,91
96,11,91
96,12,91
96,13,91
96,14,92
96,15,93
96,16,93
96,17,94
96,18,96
96,19,98
96,20,101
96,21,105
96,22,109
96,23,113
96,24,117
96,25,120
96,26,123
96,27,126
96,28,129
96,29,132
96,30,134
96,31,136
96,32,138
96,33,140
96,34,144
96,35,148
96,36,152
96,37,156
96,38,160
96,39,163
96,40,164
96,41,165
96,42,166
96,43,167
96,44,167
96,45,167
96,46,167
96,47,165
96,48,163
96,49,160
96,50,156
96,51,151
96,52,146
96,53,141
96,54,136
96,55,132
96,56,127
96,57,122
96,58,116
96,59,110
96,60,105
96,61,100
96,62,97
96,63,95
96,64,94
96,65,93
96,66,92
96,67,90
96,68,87
96,69,84
96,70,80
96,71,77
96,72,73
96,73,69
96,74,64
96,75,60
96,76,57
96,77,53
96,78,50
96,79,47
96,80,43
96,81,40
96,82,36
96,83,32
96,84,28
96,85,24
96,86,21
96,87,18
96,88,15
96,89,12
96,90,10
96,91,8
96,92,7
96,93,6
96,94,5
96,95,4
96,96,4
96,97,3
96,98,2
96,99,2
97,0,113
97,1,109
97,2,106
97,3,103
97,4,101
97,5,99
97,6,98
97,7,96
97,8,94
97,9,93
97,10,91
97,11,91
97,12,91
97,13,92
97,14,93
97,15,94
97,16,95
97,17,97
97,18,98
97,19,101
97,20,103
97,21,107
97,22,111
97,23,115
97,24,118
97,25,121
97,26,124
97,27,127
97,28,131
97,29,134
97,30,136
97,31,138
97,32,140
97,33,143
97,34,146
97,35,150
97,36,153
97,37,157
97,38,160
97,39,162
97,40,164
97,41,165
97,42,166
97,43,166
97,44,166
97,45,166
97,46,165
97,47,163
97,48,160
97,49,157
97,50,152
97,51,148
97,52,143
97,53,137
97,54,132
97,55,128
97,56,123
97,57,118
97,58,112
97,59,107
97,60,102
97,61,97
97,62,94
97,63,92
97,64,91
97,65,90
97,66,88
97,67,87
97,68,84
97,69,81
97,70,78
97,71,74
97,72,70
97,73,67
97,74,63
97,75,59
97,76,55
97,77,52
97,78,49
97,79,46
97,80,43
97,81,40
97,82,37
97,83,33
97,84,30
97,85,26
97,86,23
97,87,20
97,88,17
97,89,14
97,90,12
97,91,10
97,92,8
97,93,7
97,94,6
97,95,5
97,96,5
97,97,4
97,98,3
97,99,3
98,0,114
98,1,110
98,2,107
98,3,104
98,4,102
98,5,100
98,6,98
98,7,96
98,8,95
98,9,93
98,10,92
98,11,92
98,12,92
98,13,93
98,14,94
98,15,96
98,16,97
98,17,99
98,18,101
98,19,104
98,20,106
98,21,109
98,22,113
98,23,116
98,24,119
98,25,122
98,26,125
98,27,129
98,28,132
98,29,136
98,30,139
98,31,141
98,32,143
98,33,146
98,34,149
98,35,152
98,36,155
98,37,157
98,38,160
98,39,162
98,40,163
98,41,165
98,42,165
98,43,165
98,44,165
98,45,164
98,46,162
98,47,160
98,48,157
98,49,153
98,50,149
98,51,144
98,52,139
98,53,134
98,54,128
98,55,123
98,56,118
98,57,113
98,58,108
98,59,102
98,60,98
98,61,94
98,62,91
98,63,89
98,64,87
98,65,86
98,66,85
98,67,83
98,68,81
98,69,78
98,70,74
98,71,71
98,72,67
98,73,64
98,74,60
98,75,57
98,76,53
98,77,50
98,78,48
98,79,45
98,80,43
98,81,40
98,82,37
98,83,34
98,84,31
98,85,29
98,86,26
98,87,23
98,88,19
98,89,16
98,90,14
98,91,12
98,92,10
98,93,9
98,94,7
98,95,6
98,96,6
98,97,5
98,98,4
98,99,3
99,0,115
99,1,111
99,2,108
99,3,105
99,4,103
99,5,101
99,6,99
99,7,97
99,8,95
99,9,93
99,10,92
99,11,92
99,12,93
99,13,94
99,14,96
99,15,97
99,16,100
99,17,102
99,18,104
99,19,107
99,20,109
99,21,111
99,22,114
99,23,117
99,24,119
99,25,122
99,26,126
99,27,130
99,28,134
99,29,138
99,30,141
99,31,143
99,32,146
99,33,148
99,34,151
99,35,153
99,36,156
99,37,158
99,38,160
99,39,161
99,40,163
99,41,164
99,42,164
99,43,164
99,44,163
99,45,161
99,46,159
99,47,156
99,48,153
99,49,149
99,50,144
99,51,139
99,52,134
99,53,129
99,54,124
99,55,118
99,56,113
99,57,108
99,58,103
99,59,98
99,60,93
99,61,90
99,62,87
99,63,85
99,64,83
99,65,82
99,66,80
99,67,79
99,68,77
99,69,74
99,70,70
99,71,67
99,72,64
99,73,61
99,74,57
99,75,54
99,76,51
99,77,48
99,78,46
99,79,44
99,80,42
99,81,40
99,82,37
99,83,35
99,84,33
99,85,31
99,86,28
99,87,25
99,88,22
99,89,18
99,90,15
99,91,13
99,92,11
99,93,10
99,94,9
99,95,8
99,96,7
99,97,6
99,98,5
99,99,4
